zip_code,residential_units,land_sq_feet,gross_sq_feet,year_built,sale_price,sale_date
11204,4,2800,3600,1926,833000,2007-02-01
11204,2,4000,2492,1940,790000,2007-01-19
11204,3,3000,4086,1920,272766,2003-11-20
11204,4,2700,3520,1931,650000,2004-01-21
11204,1,2000,1428,1920,400000,2003-08-01
11204,3,2850,3240,1940,755000,2005-10-17
11204,3,2000,4280,2002,547819,2004-01-09
11204,2,2000,1440,1930,652000,2007-12-04
11204,2,1800,2124,1925,605000,2010-09-07
11204,2,1942,3329,1920,860000,2012-07-23
11204,2,2000,3382,1935,167500,2003-09-02
11204,2,1833,1551,1930,565000,2005-10-27
11204,1,2003,1958,1920,740000,2007-08-01
11204,3,2800,1388,1925,515000,2006-08-04
11204,2,2003,3600,1925,905000,2005-03-07
11204,2,1476,1732,1945,600000,2009-08-26
11204,2,2492,2752,1930,850000,2008-09-16
11204,2,2000,1880,1915,495000,2003-09-16
11204,2,1958,1760,1920,104000,2006-10-26
11204,4,2600,3480,1928,953000,2009-08-06
11204,3,2000,3400,1965,790000,2007-05-24
11204,1,2000,1288,1925,492500,2005-07-01
11204,2,2003,1404,1925,470000,2004-01-07
11204,1,1900,1120,1935,460000,2012-06-05
11204,2,1800,1782,1945,655000,2012-12-20
11204,2,2300,2600,1915,580000,2009-01-12
11204,2,4000,3600,2006,650000,2006-09-15
11204,4,2500,3026,1924,800000,2010-03-23
11204,2,2500,2440,1930,775000,2006-11-06
11204,3,2042,3714,1990,490000,2009-10-22
11204,1,2475,1392,1925,524000,2006-01-24
11204,2,2517,3150,2009,870000,2007-05-11
11204,2,2500,2440,1930,615000,2005-09-16
11204,4,2792,3036,1931,495000,2003-01-08
11204,2,4000,1684,1920,579000,2003-11-14
11204,1,2000,1832,1930,605000,2008-07-01
11204,1,2475,1312,1925,615000,2011-02-01
11204,2,1700,2057,1915,610000,2006-10-02
11204,4,2533,3213,1931,300000,2005-05-05
11204,1,2404,2780,1925,925000,2009-04-01
11204,2,3205,3344,1925,750000,2009-12-28
11204,4,3000,3300,1931,790000,2005-05-13
11204,2,4000,3600,2006,750000,2003-12-26
11204,2,2500,2072,1920,955000,2006-06-20
11204,2,1800,1848,1930,370000,2003-11-25
11204,3,2500,3600,1930,820000,2012-03-06
11204,2,1800,1808,1930,500000,2009-10-21
11204,2,2500,2480,1930,350000,2008-10-02
11204,3,2125,4347,1930,999500,2005-11-01
11204,2,1667,3192,1925,550000,2005-12-14
11204,2,2425,2352,1930,620000,2007-02-01
11204,4,2500,3337,1931,925500,2011-10-06
11204,1,1750,1589,1930,500000,2011-03-14
11204,2,1613,2460,1910,655000,2011-08-25
11204,2,1600,2400,1925,360000,2012-11-28
11204,2,2000,2016,1925,561350,2006-02-24
11204,3,2000,3025,1960,550000,2003-09-25
11204,1,2000,2256,1920,570000,2006-09-01
11204,1,1667,1320,1920,695000,2008-12-05
11204,2,2517,2480,1920,600000,2004-07-28
11204,2,2300,2040,1915,705000,2011-10-03
11204,6,2650,4797,1925,860000,2006-03-22
11204,2,2163,1674,1950,570000,2006-05-04
11204,2,4140,2276,1935,360000,2005-02-04
11204,1,4007,2046,1915,990000,2008-09-17
11204,2,2613,2280,1925,875000,2004-08-20
11204,3,1843,3310,1991,810000,2005-04-05
11204,2,1800,2232,1925,410000,2004-06-11
11204,4,2600,3230,1926,975000,2008-10-07
11204,1,2003,2368,1920,400000,2006-09-08
11204,3,2500,2640,1930,580000,2003-12-04
11204,3,2500,2640,1930,725000,2006-06-16
11204,1,1652,1140,1935,430000,2003-09-25
11204,2,3500,1784,1930,737000,2011-07-29
11204,1,1750,1020,1930,420000,2004-09-01
11204,2,3150,1378,1935,615000,2004-02-11
11204,1,2100,1120,1935,510000,2010-07-08
11204,2,3000,2560,1925,637500,2004-02-18
11204,3,4007,6280,1960,835000,2003-10-29
11204,1,2050,1344,1925,560000,2009-10-26
11204,1,2805,2776,1920,675000,2007-06-21
11204,2,2003,3300,1920,640500,2003-02-03
11204,3,2000,4600,2003,727000,2003-10-10
11204,6,3000,6300,1929,845000,2008-02-12
11204,1,2000,1296,1920,400000,2004-11-17
11204,3,2000,3870,1930,705500,2005-11-14
11204,2,2000,2043,1935,470000,2006-07-26
11204,6,3000,5305,1931,750000,2004-02-26
11204,1,3000,1508,1930,576000,2011-03-28
11204,1,2000,1710,1920,365000,2003-06-17
11204,2,2000,2736,1960,750000,2006-02-01
11204,3,5008,7492,1975,950000,2012-11-19
11204,2,2400,1884,1930,700000,2007-01-12
11204,2,2525,2360,1930,565000,2003-04-03
11204,2,2500,3100,1930,738000,2011-04-12
11204,6,2200,4818,1931,827000,2008-01-23
11204,2,2000,2070,1950,300000,2008-09-03
11204,1,1983,1376,1930,610000,2010-07-06
11204,6,2650,4797,1925,800000,2005-09-26
11204,2,2000,2950,1910,670000,2008-02-01
11204,2,2467,2592,1920,650000,2004-02-04
11204,2,2400,2472,1915,545000,2004-12-06
11204,2,2400,2480,1930,550000,2005-03-29
11204,2,2500,1866,1910,710000,2008-04-02
11204,2,2003,1840,1960,725000,2009-10-01
11204,2,2425,2352,1930,600000,2004-09-29
11204,2,2003,3600,1925,350000,2010-08-25
11204,1,2000,1116,1925,558000,2012-12-21
11204,3,2550,2560,1930,600000,2004-03-17
11204,2,2633,3206,1950,330000,2005-01-05
11204,1,2003,2680,1920,611500,2007-01-29
11204,3,3058,2945,1955,950000,2012-02-09
11204,3,2500,2400,1925,820000,2006-11-13
11204,3,2000,5248,2006,520000,2004-12-02
11204,1,2404,1368,1925,630000,2006-09-18
11204,2,2003,1675,1925,535000,2004-11-10
11204,1,2525,1392,1925,648000,2010-05-06
11204,1,1440,1732,1940,570000,2009-10-30
11204,1,2400,2552,1925,638000,2006-08-28
11204,3,4500,3516,1910,999950,2012-03-01
11204,2,3005,4420,2010,603000,2003-03-13
11204,3,2000,4280,2003,990000,2012-08-10
11204,4,2500,3212,1931,380000,2004-10-11
11204,2,2500,2400,1925,850000,2006-06-12
11204,2,1600,1122,1925,435000,2008-06-02
11204,2,1850,2424,1901,610000,2006-01-04
11204,1,2300,1600,1925,203000,2005-09-01
11204,2,2000,2650,1965,810000,2009-09-29
11204,2,2500,2480,1925,832500,2010-08-26
11204,2,1700,1776,1940,590000,2005-05-19
11204,2,2300,1656,1925,575000,2005-05-16
11204,2,2508,2480,1930,865000,2009-08-03
11204,2,1800,2232,1925,550000,2012-05-18
11204,2,2300,1656,1925,450000,2003-10-27
11204,2,1800,1620,1945,595000,2008-11-24
11204,2,2003,2272,1925,799999,2010-06-01
11204,4,2700,3600,1925,885000,2005-10-03
11204,1,2000,2208,1930,350000,2006-03-14
11204,2,2500,3480,1920,110000,2004-11-22
11204,2,1800,2220,1925,560000,2010-06-09
11204,1,2500,3960,1925,790000,2005-10-12
11204,2,2400,2400,1925,380000,2012-03-14
11204,1,1667,1280,1925,568000,2008-04-01
11204,4,2700,3600,1925,477500,2010-07-28
11204,2,2000,3184,1901,788000,2012-12-19
11204,2,2500,3600,1925,450000,2009-02-17
11204,4,2775,3510,1931,725000,2003-12-18
11204,2,2078,4020,1910,950500,2010-09-01
11204,2,2513,5060,1925,700000,2004-07-12
11204,2,2450,1760,1930,300000,2005-06-21
11204,2,2092,1376,1930,695000,2006-10-04
11204,2,1150,1328,1930,555000,2008-07-08
11204,3,3000,3096,1920,760000,2006-08-25
11204,2,2500,2068,1925,725000,2006-02-21
11204,4,2533,3213,1931,250000,2010-03-22
11204,2,2170,1590,1945,400000,2003-01-07
11204,3,2000,3220,1955,600000,2006-04-21
11204,1,2104,1020,1920,399000,2011-01-20
11204,2,2003,2560,1960,555000,2003-06-25
11204,3,2554,2400,1930,146962,2006-04-12
11204,1,1747,1058,1935,480000,2006-07-01
11204,2,1650,1296,1930,380000,2003-07-15
11204,2,2475,1752,1960,375000,2010-11-08
11204,2,2667,3900,1930,800000,2012-11-20
11204,2,1420,1800,1925,677000,2012-06-28
11204,2,3005,4375,2010,469000,2009-08-04
11204,2,2755,1616,1925,395000,2011-01-25
11204,1,2092,1376,1930,420000,2003-09-17
11204,1,3005,1618,1925,875000,2010-02-11
11204,1,2000,2982,1935,386000,2003-08-01
11204,1,2000,1844,1925,370000,2011-01-18
11204,2,2500,2440,1930,750000,2010-03-18
11204,4,2542,3080,1924,690000,2003-09-24
11204,1,3150,1678,1935,700000,2007-08-01
11204,2,2300,2300,1915,475000,2010-04-23
11204,1,2300,2300,1915,638000,2011-04-12
11204,2,1833,1611,1930,499900,2006-04-06
11204,1,1700,1622,1925,400000,2008-10-23
11204,3,2400,2400,1930,830000,2006-06-20
11204,2,2917,2119,1920,567000,2005-04-22
11204,2,1326,1632,1935,478000,2011-03-29
11204,2,2400,2112,1925,527500,2004-05-25
11204,2,1610,2600,1930,650000,2009-12-14
11204,3,3400,4680,1920,975000,2012-01-04
11204,3,2500,3540,1915,800000,2006-07-01
11204,2,2003,1840,1960,735000,2007-05-14
11204,2,2400,2262,1930,215000,2006-08-21
11204,3,4000,3402,1940,882500,2006-09-15
11204,3,2500,3360,1920,850000,2010-10-28
11204,2,3205,7644,2006,495000,2004-02-02
11204,2,2705,2560,1925,998000,2008-09-18
11204,2,1485,1903,1935,575000,2011-05-12
11204,2,2608,3168,1950,775000,2011-01-06
11204,1,3000,1112,1920,600000,2005-06-15
11204,1,2092,1376,1930,550000,2005-01-27
11204,1,2000,2147,1930,231700,2006-07-20
11204,3,2050,3267,1935,550000,2005-03-14
11204,3,2000,3381,1930,300000,2007-03-07
11204,3,2800,3618,1930,827000,2006-01-09
11204,1,3000,2511,1930,530000,2008-09-05
11204,3,1900,2878,1970,725000,2005-08-18
11204,1,1700,1478,1925,590000,2005-12-27
11204,2,2425,3540,1920,400000,2007-02-22
11204,2,2504,2720,1930,995000,2010-10-28
11204,2,2400,1760,1920,500000,2004-06-29
11204,1,1600,1140,1925,495000,2005-12-27
11204,2,2000,1350,1925,583800,2009-06-03
11204,2,2017,1456,1940,508000,2007-04-11
11204,2,4000,3888,1930,890000,2009-03-04
11204,4,2500,3240,1926,650000,2003-06-04
11204,3,2000,1930,1925,760000,2012-03-22
11204,6,2304,4968,1931,660000,2004-01-30
11204,2,4000,4000,1920,700000,2005-05-17
11204,4,2667,3388,1925,359112,2003-07-01
11204,1,1352,1909,1915,350000,2005-04-05
11204,3,1939,3192,1930,670500,2006-10-30
11204,2,2440,1980,1945,520000,2003-10-01
11204,2,2000,2200,1930,555000,2007-03-08
11204,2,2500,2840,1930,785000,2006-06-16
11204,2,2500,2480,1925,300000,2005-08-10
11204,1,1603,1024,1920,450000,2004-02-04
11204,2,2325,2432,1925,813900,2009-05-07
11204,2,2289,2508,1930,200000,2012-01-30
11204,2,2500,2480,1925,915000,2011-08-30
11204,1,1750,1020,1910,400000,2007-12-13
11204,1,1740,1170,1920,400000,2011-10-19
11204,2,1440,1732,1940,200000,2011-05-20
11204,1,1803,1782,1945,499000,2012-11-15
11204,3,2000,3108,1910,655000,2004-05-20
11204,1,1200,1760,1940,635000,2011-07-14
11204,2,2450,1760,1930,270000,2004-03-15
11204,2,2450,1912,1930,662500,2005-08-30
11204,1,1740,1170,1920,540000,2007-04-23
11204,2,4007,6700,2007,850000,2006-11-15
11204,3,2500,3400,1930,850000,2011-02-22
11204,2,2000,1575,1950,575000,2007-02-26
11204,2,4000,2808,1925,865000,2012-10-25
11204,2,2504,2680,1925,850000,2011-05-24
11204,1,2000,2224,1930,625000,2008-07-16
11204,2,1150,1760,1930,320000,2003-11-03
11204,2,2798,1440,1915,512000,2004-05-01
11204,2,1200,1760,1940,600000,2005-02-15
11204,3,2000,3400,1965,655000,2004-04-15
11204,1,1750,1110,1930,385000,2003-11-19
11204,4,2533,3213,1931,944000,2005-01-18
11204,1,2404,1440,1925,950000,2009-02-25
11204,2,1700,2285,1925,555200,2010-05-01
11204,4,2500,3212,1931,920000,2010-10-07
11204,1,3005,3200,1925,838500,2003-05-29
11204,2,2000,2560,1930,910000,2012-04-09
11204,2,1950,2842,1955,235000,2009-01-23
11204,2,1304,1040,1899,494700,2007-04-16
11204,2,2500,3680,1925,985000,2010-11-12
11204,1,2513,3880,1925,700500,2007-02-26
11204,2,3000,2000,1920,728000,2010-09-23
11204,2,2000,2970,1960,775000,2005-11-28
11204,2,2500,2640,1930,935000,2007-11-21
11204,2,2500,2440,1930,860000,2008-10-29
11204,2,4000,2604,1930,854500,2007-03-30
11204,4,2496,3280,1931,875000,2004-09-28
11204,4,2500,3116,1931,785000,2004-08-04
11204,2,2500,2480,1925,550000,2003-12-15
11204,3,1150,2640,1930,690000,2007-09-27
11204,2,1640,1782,1935,778000,2012-06-07
11204,3,2504,3600,1925,655550,2003-01-16
11204,2,3000,1892,1925,640000,2007-01-16
11204,2,3000,1612,1920,845000,2012-12-28
11204,3,2003,3960,1935,785000,2009-07-16
11204,1,4708,1750,1925,900000,2006-08-16
11204,2,2500,2480,1930,620000,2003-08-22
11204,2,1438,1800,1925,550000,2004-03-02
11204,2,2400,2400,1930,530000,2003-06-27
11204,1,1800,1568,1920,390000,2003-01-30
11204,2,1750,1575,1935,493000,2007-12-21
11204,3,2000,3072,1910,760000,2010-09-08
11204,1,1320,1440,1950,115000,2011-10-13
11204,2,2667,1330,1920,642500,2007-08-09
11204,2,2650,2360,1930,850000,2012-06-19
11204,1,1700,1478,1925,615000,2011-03-28
11204,3,3005,3640,1955,800000,2012-03-06
11204,2,2500,1696,1940,650000,2010-08-23
11204,2,2000,1888,1925,505000,2003-07-29
11204,2,2283,2700,1930,585000,2006-05-30
11204,2,1833,1611,1930,580000,2004-12-03
11204,1,1603,1024,1920,600000,2012-06-22
11204,6,1980,4824,1931,925000,2007-01-24
11204,3,1817,2000,1920,300000,2012-10-17
11204,2,3000,1920,1930,500000,2005-03-10
11204,3,2792,4554,1930,949000,2008-11-20
11204,2,3750,2304,1925,768000,2006-10-27
11204,1,2003,1424,1925,650000,2009-02-25
11204,6,2304,4968,1931,499797,2007-03-15
11204,3,2650,3315,1935,825000,2006-10-27
11204,2,2400,2612,1925,458000,2004-09-01
11204,2,2500,2664,1925,940000,2007-03-07
11204,2,2003,2344,1925,445000,2010-10-28
11204,3,2017,2600,1910,890000,2006-07-18
11204,1,2204,2408,1925,640000,2006-05-15
11204,1,2003,6800,1901,587500,2003-07-22
11204,2,2742,1944,1920,480000,2003-11-25
11204,2,2000,3392,1901,670000,2011-07-18
11204,2,4007,1811,1920,530000,2009-08-04
11204,2,3000,3047,1920,391698,2004-05-14
11204,4,3005,2480,1931,300000,2009-11-09
11204,3,2500,3250,1925,850000,2008-02-19
11204,1,2003,1430,1925,565000,2010-10-14
11204,2,2000,2520,1925,615000,2006-09-27
11204,2,2000,1500,1920,570000,2005-11-22
11204,1,2003,4200,1910,750000,2006-09-07
11204,2,1026,1836,1940,650000,2006-04-06
11204,2,3000,1920,1930,725000,2010-10-06
11204,2,2003,2208,1925,244000,2004-12-29
11204,3,2850,2992,1920,833000,2006-02-23
11204,1,1987,2190,1899,470000,2003-02-27
11204,3,1333,2448,1935,729700,2009-03-26
11204,4,2700,3600,1927,887500,2006-02-27
11204,2,2000,2224,1935,650000,2007-10-18
11204,1,1600,1030,1920,488000,2005-06-23
11204,2,2500,3060,1925,750000,2010-02-23
11204,1,3750,2490,1925,750000,2009-11-19
11204,1,1603,1104,1930,850000,2012-09-20
11204,2,2579,2680,1910,925500,2006-10-19
11204,2,3000,1620,1920,750000,2004-12-02
11204,2,2500,2480,1925,710000,2004-03-05
11204,2,2500,1962,1910,305000,2011-10-04
11204,4,2650,3520,1931,620000,2003-05-09
11204,2,2938,2835,1950,925000,2010-02-03
11204,2,2805,2424,1925,490000,2004-04-15
11204,2,2500,3720,1930,780000,2006-03-01
11204,1,2003,2894,1925,600000,2005-02-15
11204,6,2750,5400,1927,875000,2012-12-20
11204,2,1700,2490,1910,530000,2004-11-23
11204,4,2500,3026,1924,810000,2012-08-24
11204,1,2000,1440,1920,665000,2006-08-15
11204,1,2300,1566,1915,430000,2007-02-08
11204,2,2400,1954,1915,700000,2011-07-28
11204,4,2158,3280,1931,535000,2003-04-09
11204,3,2900,2560,1930,639998,2003-05-20
11204,2,2492,3720,1920,525000,2003-05-27
11204,3,2500,4500,1930,710000,2012-11-08
11204,3,1800,3280,1960,650000,2008-02-20
11204,3,2925,4086,1920,121250,2005-02-16
11204,2,1983,1376,1930,175000,2004-02-12
11204,1,2000,2080,1925,365000,2003-03-01
11204,1,2003,1792,1925,705000,2007-10-16
11204,2,2500,3100,1930,800000,2007-09-07
11204,3,4007,4685,2008,726000,2004-08-09
11204,3,2358,2546,1930,720000,2006-03-01
11204,2,2400,2360,1930,650000,2009-07-23
11204,2,2700,3720,1930,925000,2009-07-28
11204,2,2000,2460,1940,650000,2004-06-07
11204,2,3000,2208,1930,430000,2003-09-09
11204,3,2454,3720,1925,840000,2008-11-18
11204,4,3050,3520,1931,950000,2006-03-24
11204,5,3000,5400,1926,950000,2007-01-29
11204,3,2525,4284,1930,735000,2004-05-03
11204,1,2000,1344,1935,585000,2005-01-24
11204,2,2554,4020,1910,995000,2007-03-01
11204,1,1603,1112,1930,500000,2011-02-08
11204,1,2003,1360,1920,742000,2012-06-06
11204,2,2322,2069,1945,249000,2004-10-15
11204,2,2003,2176,1925,262000,2012-02-28
11204,3,3000,4290,2002,720000,2003-06-06
11204,1,2104,1020,1920,360000,2003-01-23
11204,1,1179,1305,1930,528000,2007-06-28
11204,4,2667,3198,1925,499900,2005-03-22
11204,2,2554,2400,1925,380000,2003-01-14
11204,1,1708,1356,1920,570000,2005-08-12
11204,3,2758,3049,1970,350000,2005-04-15
11204,3,2000,3324,1930,590000,2004-11-05
11204,4,2604,3280,1928,750000,2009-09-01
11204,3,2200,3206,1950,810000,2006-05-17
11204,1,1603,1204,1930,450000,2009-02-26
11204,1,1603,1024,1925,475000,2011-06-15
11204,1,1878,1404,1940,740000,2007-08-06
11204,4,2500,3200,1924,800000,2007-09-05
11204,2,2000,1664,1930,650000,2006-08-17
11204,1,3000,1462,1930,805000,2010-09-17
11204,2,1650,1296,1930,583000,2006-01-17
11204,2,2800,1752,1920,851200,2011-10-03
11204,2,2513,3216,1930,660000,2003-08-12
11204,3,2475,3300,1920,625000,2004-05-14
11204,1,2783,1530,1920,875000,2005-09-19
11204,1,1853,1512,1925,600000,2007-12-11
11204,1,1603,1024,1930,500000,2010-03-04
11204,2,2858,2248,1930,660000,2003-10-09
11204,2,1745,2589,1955,720000,2006-08-23
11204,2,1850,2424,1901,690000,2010-11-17
11204,1,2800,1592,1920,656000,2007-08-17
11204,1,2204,2408,1925,750500,2006-08-16
11204,1,1750,1020,1910,440000,2012-07-20
11204,4,2875,3470,1931,600000,2008-09-11
11204,2,2400,3900,1920,700000,2010-11-05
11204,1,3500,4490,1920,450000,2003-08-28
11204,3,2850,2992,1920,815000,2005-10-17
11204,3,2625,3084,1930,800000,2009-07-09
11204,1,2092,1376,1930,645000,2005-07-21
11204,2,1700,2354,1910,600000,2008-07-01
11204,2,3005,2133,1925,770000,2006-02-16
11204,1,2504,4180,1935,635000,2005-09-13
11204,2,2325,2088,1925,665000,2004-11-15
11204,3,2500,3400,1930,300000,2009-12-10
11204,2,3000,1592,1920,840000,2010-09-08
11204,2,1803,1952,1920,480000,2003-07-02
11204,1,2204,3912,1925,540000,2003-06-10
11204,2,4407,3112,1925,997000,2013-01-01
11204,1,2475,1388,1960,535000,2010-11-08
11204,3,3000,3360,1925,860000,2006-09-27
11204,2,2400,2680,1920,820000,2008-05-01
11204,2,1983,1376,1930,572400,2005-05-10
11204,4,2500,3026,1924,870000,2009-11-18
11204,4,2500,2706,1926,840000,2006-05-25
11204,3,2800,4224,1930,674500,2011-09-13
11204,2,2467,2592,1920,700000,2004-10-28
11204,1,2805,2810,1920,950000,2007-11-01
11204,1,2003,1132,1925,315000,2010-02-24
11204,2,2650,2480,1930,750000,2007-01-03
11204,2,1440,1732,1940,535000,2008-06-25
11204,2,1800,2412,1905,620000,2010-07-09
11204,3,2525,3240,1940,680000,2010-12-22
11204,3,2425,3660,1920,810000,2012-01-30
11204,2,2003,2750,1925,745000,2010-06-28
11204,2,1650,1925,1940,405600,2004-04-01
11204,2,4000,4005,1910,840000,2005-08-04
11204,1,2000,1184,1920,395000,2003-02-24
11204,2,1700,1244,1915,400000,2006-11-14
11204,2,3000,1612,1920,775000,2005-12-22
11204,1,2003,1604,1920,555000,2009-11-25
11204,2,2650,2360,1930,650000,2004-11-12
11204,6,1980,4824,1931,620000,2004-08-03
11204,4,2800,3350,1925,760000,2005-01-28
11204,2,2454,2800,1930,990000,2011-11-11
11204,1,1667,1408,1920,538000,2008-03-03
11204,6,3005,5400,1931,999800,2007-11-26
11204,1,1978,1088,1920,600000,2004-12-08
11204,3,3000,3360,1925,450000,2011-05-20
11204,1,2763,2785,1925,505000,2012-06-04
11204,2,2003,2920,1920,568000,2003-02-21
11204,2,1803,1852,1940,486500,2003-04-03
11204,3,1950,3648,1910,825000,2011-06-29
11204,3,3339,2769,1910,900000,2012-05-23
11204,2,2500,3580,1915,815000,2008-03-25
11204,2,2000,2016,1925,510000,2007-11-06
11204,2,1438,2460,1935,460000,2005-02-07
11204,1,1600,1400,1920,150000,2003-03-24
11204,2,2075,2720,1930,560000,2005-08-05
11204,2,2400,2044,1930,688000,2010-06-21
11204,3,2003,2576,1935,750000,2012-01-25
11204,2,3500,1784,1930,698000,2008-10-09
11204,2,1873,2560,1950,619000,2004-02-18
11204,2,2600,2255,1940,438000,2003-02-11
11204,4,2542,3080,1924,850000,2008-09-16
11204,2,2500,2370,1920,270000,2003-04-02
11204,1,2404,2344,1925,650000,2011-04-14
11204,6,3000,5400,1925,995000,2012-04-20
11204,1,3510,1582,1910,900000,2012-11-29
11204,3,2250,3162,1930,875000,2011-04-11
11204,2,2500,3100,1930,235000,2012-05-01
11204,2,2500,2320,1925,649000,2004-01-15
11204,1,1850,2424,1901,530000,2011-10-26
11204,2,1750,1020,1910,568000,2010-09-17
11204,1,2000,1130,1925,480000,2006-05-03
11204,2,3283,5460,1930,349479,2012-01-05
11204,1,1440,1732,1940,530000,2006-11-10
11204,1,1440,1732,1940,600000,2011-08-03
11204,2,2400,2066,1930,770000,2006-01-17
11204,3,4007,6930,2008,900000,2005-03-07
11204,2,1760,2016,1935,430000,2003-06-11
11204,2,2450,1042,1920,763800,2009-05-21
11204,2,3005,3620,1925,875000,2010-06-10
11204,2,2000,2016,1925,630000,2008-04-17
11204,2,2000,3822,1905,625000,2006-10-24
11204,3,2000,2375,1935,704000,2008-09-08
11204,2,2052,2835,1920,597000,2012-03-28
11204,2,2504,1666,1925,660000,2012-08-08
11204,2,1833,2372,1930,575000,2006-12-13
11204,3,2000,2340,1915,310000,2011-04-14
11204,1,1750,1020,1910,500000,2009-04-01
11204,2,1800,2352,1925,220000,2011-12-23
11204,2,2000,2200,1930,610000,2007-10-10
11204,3,3000,2584,1930,820000,2006-06-27
11204,1,2400,1720,1915,480000,2003-09-29
11204,3,2354,3990,1925,873000,2012-02-14
11204,3,2003,2520,1910,660000,2004-04-15
11204,2,2003,2240,1930,510000,2004-09-07
11204,1,2000,1344,1915,250000,2006-07-06
11204,4,2500,3198,1931,860000,2012-08-01
11204,2,2000,2484,1910,550000,2004-03-12
11204,2,4007,6700,2004,995000,2012-10-18
11204,4,2521,3280,1931,498000,2008-05-09
11204,1,1983,1376,1930,530000,2005-05-03
11204,2,3213,2498,1920,850500,2005-05-05
11204,2,2467,3960,1930,999000,2012-02-15
11204,1,2003,1944,1910,375000,2010-02-19
11204,2,2425,3352,1930,595000,2005-08-18
11204,4,2800,3510,1931,660000,2012-12-26
11204,3,2454,3720,1925,895000,2009-10-20
11204,2,2400,2400,1930,905000,2012-03-14
11204,2,3506,2088,1925,999000,2006-05-03
11204,2,3339,7908,2004,500000,2003-11-03
11204,4,3005,3690,1931,999500,2011-06-23
11204,2,2400,2312,1930,200000,2004-08-20
11204,2,1803,1919,1935,610000,2008-02-04
11204,2,2500,3100,1930,670000,2004-08-27
11204,1,2003,2136,1930,297000,2010-02-02
11204,2,4007,9000,2006,400000,2006-09-22
11204,1,1800,1472,1920,625000,2005-09-15
11204,2,2475,1740,1960,685000,2006-06-01
11204,3,4000,2026,1920,705000,2004-09-13
11204,1,1603,1024,1930,456000,2010-09-20
11204,6,2500,5625,1931,830000,2005-09-12
11204,1,4007,1520,1925,355000,2007-01-09
11204,2,3100,3036,1925,137700,2004-09-24
11204,2,2000,2766,1950,801000,2006-09-12
11204,2,1683,2285,1925,570000,2012-06-26
11204,2,2000,1759,1950,680000,2012-12-26
11204,1,3300,2182,1925,700000,2011-03-21
11204,2,2102,2865,1930,120000,2003-10-15
11204,1,1983,1376,1930,578000,2011-10-11
11204,1,1983,1376,1930,585000,2007-09-10
11204,2,1600,2460,1920,530000,2003-11-07
11204,1,1853,1512,1925,725000,2008-07-09
11204,1,2500,1400,1920,560000,2010-01-25
11204,2,2425,3352,1930,675000,2009-07-28
11204,2,3000,2240,1925,387500,2005-12-01
11204,1,2300,1600,1915,500000,2012-02-02
11204,3,2375,3195,1935,960000,2011-09-08
11204,1,2300,2440,1915,532000,2011-09-06
11204,1,1480,1866,1965,667800,2008-05-23
11204,2,1438,1680,1935,455000,2003-05-23
11204,1,3005,4800,1930,995500,2005-05-27
11204,2,2000,2661,1940,485000,2003-04-21
11204,2,2333,2328,1920,539000,2004-10-29
11204,2,2705,2856,1920,995000,2008-11-05
11204,2,2003,1704,1910,115353,2004-11-23
11204,3,2120,2160,1930,875000,2004-02-23
11204,2,2504,3780,1931,662500,2007-10-11
11204,2,2500,2480,1930,300000,2012-02-06
11204,2,2500,2480,1930,827000,2007-10-15
11204,1,1603,1024,1920,370000,2004-01-15
11204,4,2700,3600,1925,835000,2005-09-28
11204,2,2500,2400,1930,525000,2003-07-15
11204,1,2000,1440,1920,770000,2007-08-01
11204,2,2492,2480,1920,635000,2004-12-27
11204,3,2000,4280,2002,549855,2003-03-04
11204,4,2571,3280,1931,999000,2010-09-21
11204,1,2000,1430,1930,470000,2007-10-09
11204,1,2510,1284,1920,570000,2010-03-10
11204,3,2796,3080,1925,900000,2008-05-30
11204,1,1603,1104,1930,610000,2006-06-28
11204,2,1438,2460,1935,395000,2003-03-26
11204,2,2000,2560,1910,200000,2005-12-13
11204,2,2204,3640,1920,310000,2010-01-01
11204,2,2093,3600,1930,705000,2005-09-14
11204,3,2568,2880,1910,875000,2006-07-18
11204,1,1673,1038,1920,415000,2004-09-22
11204,2,2500,2128,1930,730500,2005-10-12
11204,4,2500,3026,1924,600000,2004-04-16
11204,1,2400,1554,1930,600000,2011-08-19
11204,1,2300,1648,1925,590000,2010-01-20
11204,1,1983,1376,1930,600000,2009-07-02
11204,1,2003,1404,1925,600000,2008-06-02
11204,2,2000,2200,1930,647500,2011-02-01
11204,2,1983,1456,1940,675000,2006-01-13
11204,2,2250,3132,1925,620000,2008-10-10
11204,2,1833,2492,1930,660000,2006-06-22
11204,2,2525,2360,1930,735000,2007-02-26
11204,1,2000,1312,1920,568000,2010-10-27
11204,2,2300,2440,1915,685000,2010-08-06
11204,1,1747,1058,1935,450000,2006-02-07
11204,4,2700,3520,1931,150000,2012-02-16
11204,1,2300,2300,1915,540000,2007-08-07
11204,2,2300,1656,1925,245000,2004-12-17
11204,1,2003,2040,1930,645000,2007-08-02
11204,3,2504,3780,1925,890000,2012-03-22
11204,1,1700,1432,1910,535000,2005-12-13
11204,2,2000,3300,1901,545000,2006-02-15
11204,2,2450,3036,1930,630000,2006-02-01
11204,1,2667,1756,1925,736000,2004-10-12
11204,2,1939,2128,1930,178464,2006-10-17
11204,2,1700,1478,1925,550000,2010-08-05
11204,2,2500,2480,1925,600000,2004-01-12
11204,1,1800,1836,1925,608000,2010-05-21
11204,2,1603,1600,1920,206213,2008-01-17
11204,2,2450,2098,1925,640000,2012-03-30
11204,2,2800,1720,1925,150000,2007-04-23
11204,2,1260,1760,1920,439000,2004-11-05
11204,2,2467,2592,1920,600500,2003-11-05
11204,2,2568,3168,1899,420995,2003-02-13
11204,3,2700,3360,1930,769000,2010-05-27
11204,2,2705,4284,1920,830500,2011-02-03
11204,2,2500,2400,1930,540000,2003-08-08
11204,1,2700,2476,1930,595000,2006-05-16
11204,2,2517,3000,1930,525000,2005-05-23
11204,2,2000,3072,1910,680000,2007-02-01
11204,3,2000,3108,1910,700000,2006-05-24
11204,2,1458,1633,1940,615000,2011-01-13
11204,3,2003,2520,1910,760000,2012-07-11
11204,2,3700,2400,1950,778000,2012-10-10
11204,3,2800,3840,1925,975000,2011-11-02
11204,2,1600,2460,1920,645000,2011-12-30
11204,3,2003,2585,1970,850000,2010-12-21
11204,2,2504,4900,1925,750000,2004-01-07
11204,2,2500,3720,1930,170000,2003-08-04
11204,4,2667,3000,1931,950000,2011-02-01
11204,1,1800,1732,1940,380000,2003-10-28
11204,2,3005,1908,1925,800000,2012-09-06
11204,1,1750,1020,1910,600000,2012-07-23
11204,2,2500,3300,1930,780000,2009-05-07
11204,1,2000,2016,1925,439000,2007-06-04
11204,2,1833,1551,1930,661280,2009-12-17
11204,2,2000,3150,1910,477000,2003-11-21
11204,2,2705,4284,1920,740000,2003-10-01
11204,2,3000,2163,1915,650000,2011-01-10
11204,2,1150,1328,1930,200000,2008-04-18
11204,2,2000,2160,1920,549000,2006-09-07
11204,2,2400,2520,1925,640000,2012-09-18
11204,2,4000,2230,1930,280000,2005-06-23
11204,6,2625,5214,1927,200000,2003-08-26
11204,2,2504,2120,1915,320000,2007-02-08
11204,2,2093,3600,1930,855000,2010-08-10
11204,2,2000,2736,1960,550000,2003-12-29
11204,2,1867,2958,1930,700000,2010-04-29
11204,2,2925,1444,1930,750000,2006-06-06
11204,4,2800,3600,1926,455000,2003-01-17
11204,4,2567,3280,1931,720000,2004-05-24
11204,2,2000,3360,1925,830500,2005-02-23
11204,2,2300,2480,1915,720000,2007-10-19
11204,1,1957,3979,1930,400000,2010-08-09
11204,2,1150,1536,1930,370000,2003-12-19
11204,2,3005,4312,2009,225000,2010-06-10
11204,1,1742,1575,1935,325000,2004-01-08
11204,2,2400,2044,1930,644000,2005-01-04
11204,3,3005,3632,1975,995000,2008-05-29
11204,1,1800,1792,1920,515000,2004-08-24
11204,1,2400,1372,1925,570000,2012-11-29
11204,3,2400,2560,1930,710000,2006-06-05
11204,1,1500,1026,1910,430000,2010-10-27
11204,2,1150,1328,1930,530000,2009-11-17
11204,1,4608,1216,1930,980000,2012-05-02
11204,1,1800,2304,1920,613000,2005-11-21
11204,2,2003,4900,1989,440000,2011-04-15
11204,1,2000,1404,1925,445000,2003-03-06
11204,2,2000,1600,1930,570000,2005-11-10
11204,4,2500,3040,1924,900000,2009-01-14
11204,3,2925,4086,1920,181875,2005-03-08
11204,2,2003,2227,1935,600000,2011-04-01
11204,2,2500,2480,1930,150000,2004-12-09
11204,1,1150,1328,1930,535000,2005-08-17
11204,1,2000,1404,1925,550000,2005-08-09
11204,2,4007,1536,1925,999999,2012-07-16
11204,1,4708,1750,1925,900000,2010-05-26
11204,2,2413,1600,1899,675000,2012-04-23
11204,2,2000,1952,1925,519000,2004-04-29
11204,4,2500,3000,1924,888000,2011-09-08
11204,2,2600,1840,1960,730000,2007-07-25
11204,3,2000,3336,1901,525000,2003-08-01
11204,4,2667,3200,1925,660000,2003-11-25
11204,2,3680,1280,1930,975000,2012-11-13
11204,2,2000,3035,1950,670000,2008-05-12
11204,2,1320,2098,1935,605000,2011-10-06
11204,1,2095,1800,1920,750000,2008-12-23
11204,1,2204,3912,1925,620500,2004-01-19
11204,2,2500,2418,1915,555000,2006-09-14
11204,4,2500,3200,1925,400000,2010-11-03
11204,2,2902,1328,1920,620000,2011-01-04
11204,2,2500,3000,1925,835000,2009-03-27
11204,1,3000,1563,1920,475000,2003-10-28
11204,2,2003,1840,1960,750000,2007-05-01
11204,2,2400,1884,1930,620000,2012-06-27
11204,1,2300,1648,1925,570000,2011-09-01
11204,2,2304,2736,1925,895000,2012-08-27
11204,2,2000,1790,1920,610000,2005-10-07
11204,3,2500,2800,1925,790000,2005-03-04
11204,1,2070,1920,1955,975000,2006-04-21
11204,3,2500,3900,1910,780000,2011-09-12
11204,1,2404,2497,1930,820000,2008-02-14
11204,1,2003,2368,1920,525000,2012-08-23
11204,2,2000,2292,1925,400000,2004-07-07
11204,2,1540,1903,1935,450000,2003-11-05
11204,2,2003,2344,1925,670000,2011-04-04
11204,2,2425,2008,1930,635000,2008-08-28
11204,2,2450,1760,1930,520000,2005-08-03
11204,2,1600,2700,1910,710000,2008-12-22
11204,2,2000,2016,1925,640000,2005-10-03
11204,3,4000,2780,1901,895000,2009-09-02
11204,2,3005,2854,1965,820000,2005-01-28
11204,2,2450,2640,1930,780000,2007-04-27
11204,3,1583,2682,1945,470000,2003-03-17
11204,1,2000,1600,1930,460000,2003-09-12
11204,1,3205,4116,1925,850000,2003-10-21
11204,2,2400,2044,1930,200000,2003-05-01
11204,2,3000,2040,1935,920000,2009-11-19
11204,2,2500,3600,1925,680000,2009-04-08
11204,2,1440,1633,1935,546500,2007-02-15
11204,2,2283,1800,1930,450000,2004-01-01
11204,2,2025,1656,1920,640500,2005-11-07
11204,2,2000,2412,1925,425000,2005-02-03
11204,2,2475,1484,1960,565000,2004-07-15
11204,4,2650,3520,1931,740000,2005-01-27
11204,1,1150,1240,1930,398000,2012-02-01
11204,2,2500,2480,1925,480000,2003-09-24
11204,1,3356,7500,2004,672450,2008-07-24
11204,2,1972,2835,1920,740000,2011-01-26
11204,3,2179,5420,2007,525000,2003-07-16
11204,2,2575,2840,1930,400000,2007-12-28
11204,1,2003,4448,1930,525000,2008-10-07
11204,2,2300,2744,1925,292039,2007-05-23
11204,2,2000,3300,1901,705000,2006-05-01
11204,1,3150,1428,1935,570000,2003-05-01
11204,4,2667,3439,1931,700000,2008-01-17
11204,2,2000,2220,1925,405000,2004-03-18
11204,2,2000,1832,1930,608000,2009-12-03
11204,1,1853,1512,1925,513000,2003-12-09
11204,3,2017,2600,1910,750000,2008-08-26
11204,2,1800,2124,1925,472000,2008-06-11
11204,1,2000,1312,1920,430000,2004-07-01
11204,4,2775,3510,1931,890000,2007-02-23
11204,1,2475,1564,1960,740000,2012-12-04
11204,3,2358,2546,1930,880000,2009-04-28
11204,1,2000,1384,1925,555000,2012-04-17
11204,2,2200,3206,1950,705000,2009-03-12
11204,3,2003,2387,1940,720000,2009-07-21
11204,2,2554,4340,1930,495000,2004-03-16
11204,3,3000,3762,1930,960000,2009-02-02
11204,1,2003,3080,1920,650000,2008-12-16
11204,1,2000,1380,1925,516000,2006-12-18
11204,1,1800,1836,1925,450000,2010-10-29
11204,2,2325,3132,1925,640000,2003-09-03
11204,4,3055,3280,1930,935000,2011-04-05
11204,1,1150,1328,1930,499990,2005-05-20
11204,2,2500,2719,1930,510000,2003-08-05
11204,4,2667,3600,1926,960000,2012-06-07
11204,1,1750,1020,1910,540000,2007-08-07
11204,2,1850,2424,1901,150000,2004-03-22
11204,2,2400,3015,1925,275000,2011-02-09
11204,3,1561,2850,1930,620000,2007-05-29
11204,2,2003,2272,1925,624000,2009-09-14
11204,2,2475,1752,1960,430000,2004-12-03
11204,2,2300,1656,1925,670000,2010-02-24
11204,3,1817,2000,1920,553626,2008-11-01
11204,4,2500,3026,1924,941000,2009-08-27
11204,2,3506,1454,1910,895000,2010-12-09
11204,2,1800,2945,1925,570000,2006-05-10
11204,6,2500,5364,1931,500000,2004-01-08
11204,2,1150,1760,1930,690000,2009-11-23
11204,2,2800,1720,1925,710000,2009-07-09
11204,2,2425,3660,1920,865000,2011-05-02
11204,3,1817,2000,1920,510000,2009-10-02
11204,1,2000,1784,1925,613000,2009-11-12
11204,2,2000,3150,1910,687000,2007-11-27
11204,2,2925,1444,1930,418000,2003-06-04
11204,2,2413,1712,1920,650000,2005-11-08
11204,3,2604,2816,1925,950000,2006-08-07
11204,2,1540,1903,1935,500000,2004-02-10
11204,1,1912,1088,1920,580000,2007-07-02
11204,2,2000,2168,1925,350000,2006-04-18
11204,1,1992,1608,1925,446000,2004-06-29
11204,1,2003,1032,1925,555000,2009-08-13
11204,1,2003,1400,1920,624000,2005-03-30
11204,2,2667,2488,1930,925500,2011-01-18
11204,1,3000,1539,1920,585000,2011-10-12
11204,1,1750,1020,1910,470000,2012-10-05
11204,2,1800,1795,1925,480325,2006-04-11
11204,2,2400,3190,1930,720000,2012-06-20
11204,3,2325,2432,1925,828000,2006-08-14
11204,2,2500,2480,1925,665000,2004-08-20
11204,2,2003,2064,1910,625000,2006-03-07
11204,3,3005,3025,1970,975500,2005-07-07
11204,2,2500,3900,1925,738000,2005-03-11
11204,1,1443,1782,1935,588000,2004-05-06
11204,2,2317,2308,1930,715000,2007-12-11
11204,1,1150,1360,1930,415000,2005-09-19
11204,1,3000,1520,1935,500000,2012-04-03
11204,2,1567,1900,1930,585000,2004-08-18
11204,3,2662,6260,2007,750000,2005-05-27
11204,4,2875,3510,1931,950000,2008-02-20
11204,2,3000,3480,1925,899000,2009-11-19
11204,6,1980,4824,1931,735000,2007-07-17
11204,3,2450,3960,1930,335000,2004-07-26
11204,1,1800,1204,1925,245000,2011-02-03
11204,4,2500,3240,1926,970000,2008-02-25
11204,2,2775,2356,1925,310000,2009-02-13
11204,1,2000,1344,1930,400500,2004-03-22
11204,2,1842,2424,1901,533800,2004-08-17
11204,2,2500,4123,1920,865000,2012-05-08
11204,2,3333,4356,1930,800000,2006-07-05
11204,2,4000,2808,1925,499000,2003-12-22
11204,2,1800,2312,1925,600000,2011-09-29
11204,2,3400,2300,1940,900000,2011-01-27
11204,1,2500,5012,2008,927000,2006-01-30
11204,1,1458,1633,1940,384000,2004-01-06
11204,4,2500,3212,1931,800000,2004-04-26
11204,1,2279,2600,1925,880000,2005-04-04
11204,2,2003,1920,1960,700000,2007-11-15
11204,2,2400,2320,1930,800000,2007-11-15
11204,2,2317,2020,1930,750000,2012-01-23
11204,2,4007,3465,1920,268000,2011-12-01
11204,3,2000,3492,1925,630000,2009-02-03
11204,2,2300,1600,1915,410000,2003-08-18
11204,2,1800,1472,1920,585000,2007-01-04
11204,2,2000,1430,1930,350000,2004-08-06
11204,2,2917,2061,1920,650000,2006-09-05
11204,2,2000,1864,1915,555000,2005-07-21
11204,2,1800,1836,1925,510000,2009-12-02
11204,2,2204,1624,1920,660000,2008-05-23
11204,1,2805,2810,1920,900000,2011-04-12
11204,1,2400,1470,1935,475000,2008-04-29
11204,5,2200,3850,1931,700000,2006-07-19
11204,1,1750,1689,1935,330500,2004-04-21
11204,2,1440,1782,1935,575000,2010-11-17
11204,2,1958,1760,1920,275000,2006-11-13
11204,2,1926,1504,1920,598000,2010-09-24
11204,2,2003,2272,1925,600000,2009-09-14
11204,2,1667,3192,1925,415000,2003-12-11
11204,2,1683,2382,1930,175000,2004-08-10
11204,1,1418,1872,1970,550000,2010-10-25
11204,2,2500,2664,1925,750000,2011-06-03
11204,4,2700,3520,1931,900000,2012-11-14
11204,2,1850,2424,1901,675000,2009-02-06
11204,2,4000,4614,2007,200000,2003-12-04
11204,2,2500,2480,1930,730000,2008-07-21
11204,1,2003,2500,1925,225000,2009-03-12
11204,1,2504,3000,1925,600000,2005-04-04
11204,1,2400,2128,1930,450500,2004-01-05
11204,2,3000,2440,1930,750000,2011-07-05
11204,2,2500,2400,1930,750000,2007-01-12
11204,3,2450,4284,1930,935000,2011-06-09
11204,4,2567,3280,1931,790000,2007-12-01
11204,2,1467,2110,1930,249750,2008-01-14
11204,2,2650,2120,1930,635000,2003-11-13
11204,3,2550,3660,1930,680000,2008-05-15
11204,2,2325,2432,1925,625000,2004-07-19
11204,2,2000,1560,1950,650000,2008-04-11
11204,4,2450,3200,1931,999900,2012-11-19
11204,1,2000,1352,1930,360000,2003-07-23
11204,2,2000,2860,1970,499000,2003-08-26
11204,1,1600,1030,1920,510000,2007-12-18
11204,2,2400,2832,1915,637000,2005-10-11
11204,1,1767,1937,1930,548000,2011-04-06
11204,2,2500,2480,1930,780000,2006-02-02
11204,4,2500,3240,1926,990000,2010-06-28
11204,2,4007,4926,1920,475500,2003-08-19
11204,2,3500,2159,1910,893000,2007-05-01
11204,4,2200,2200,1924,850000,2006-06-08
11204,1,1150,1292,1920,280000,2004-06-18
11204,4,2571,3320,1931,800000,2005-11-22
11204,2,2000,1440,1920,389000,2003-08-12
11204,1,3756,2778,1930,600000,2003-04-02
11204,4,2650,3600,1927,785000,2004-06-07
11204,2,2483,3192,1925,565000,2003-10-08
11204,2,1200,2640,1930,690000,2006-10-25
11204,1,1800,2232,1925,575000,2008-08-11
11204,2,4232,3272,1925,950000,2006-09-14
11204,1,2500,3400,1930,760000,2005-11-09
11204,3,2768,4560,2004,400000,2005-08-19
11204,2,2000,1880,1915,800000,2006-06-15
11204,2,2504,2480,1925,475000,2011-01-25
11204,1,2800,1494,1920,499000,2010-06-17
11204,1,2204,2992,1920,770000,2011-05-19
11204,1,1603,1024,1930,456000,2010-02-26
11204,1,2003,2680,1920,625000,2007-10-16
11204,1,1443,1782,1935,550000,2006-10-04
11204,2,2000,2970,1960,675000,2010-10-28
11204,1,2003,3360,1920,675000,2006-06-08
11204,2,2250,3132,1925,740000,2006-08-14
11204,2,2000,1940,1931,373333,2005-03-21
11204,1,3506,1961,1925,495000,2004-06-29
11204,1,1987,2190,1899,390000,2010-08-18
11204,2,1428,1800,1925,700000,2009-10-01
11204,2,2660,1800,1935,690000,2010-03-12
11204,2,2000,3035,1950,810000,2006-12-21
11204,1,2000,1844,1925,450000,2008-10-01
11204,2,2500,3480,1920,203000,2004-05-12
11204,2,2792,4080,1915,728000,2006-09-22
11204,2,2000,2016,1925,730000,2006-12-21
11204,2,1980,1640,1925,380000,2007-06-22
11204,1,2000,1264,1930,475000,2006-03-15
11204,2,2650,2120,1930,810000,2006-10-23
11204,4,2500,3200,1924,800500,2010-07-02
11204,8,2000,5840,1928,962000,2006-07-21
11204,2,1850,10083,1901,155000,2003-02-01
11204,2,2500,3900,1925,712500,2005-02-04
11204,1,2479,1979,1925,540000,2004-12-02
11204,4,2200,3080,1931,583000,2003-02-01
11204,2,2400,2480,1930,860000,2012-02-16
11204,1,2479,1428,1940,910000,2006-10-23
11204,1,1600,3420,1910,400000,2006-07-25
11204,3,2500,4020,1925,590000,2004-01-14
11204,1,1800,1600,1920,650000,2010-12-23
11204,2,1603,2615,1925,645000,2010-09-02
11204,3,2500,4182,1927,770000,2004-12-08
11204,2,2500,3540,1915,712000,2012-04-25
11204,2,2400,2044,1930,675000,2005-08-22
11204,2,1853,1836,1925,500000,2006-09-11
11204,2,1688,1952,1930,700000,2006-06-26
11204,2,2000,3264,1910,465000,2003-08-01
11204,3,2905,3202,1960,435000,2008-02-21
11204,2,1440,1575,1940,605000,2008-09-12
11204,2,2400,2560,1930,600000,2003-05-13
11204,2,2500,1730,1930,795000,2009-04-21
11204,2,2300,1700,1915,539000,2004-06-02
11204,2,2500,2640,1930,440000,2003-03-26
11204,2,2317,2020,1930,610000,2009-04-02
11204,1,2300,1600,1925,650000,2007-12-20
11204,2,2204,1836,1920,815500,2012-02-01
11204,1,1784,4881,1950,365000,2004-07-01
11204,2,2204,3150,1920,700000,2006-01-23
11204,2,2500,2480,1930,545000,2005-03-03
11204,3,2000,4600,2003,752487,2003-10-20
11204,3,2492,2752,1930,703000,2005-02-01
11204,2,2417,2480,1930,555000,2003-01-17
11204,2,2604,2368,1925,745000,2007-03-27
11204,1,3000,2520,1930,527000,2004-08-19
11204,2,4000,3103,1920,750000,2008-05-21
11204,2,2500,2319,1930,750000,2010-12-17
11204,2,2000,2200,1930,400000,2006-07-01
11204,1,3000,1392,1920,670000,2003-03-28
11204,4,2500,3040,1925,795000,2007-10-16
11204,2,2492,2752,1930,853500,2012-02-27
11204,2,2705,2280,1925,610000,2003-02-11
11204,2,1700,2354,1910,509000,2007-01-25
11204,1,2300,1784,1925,639000,2010-03-16
11204,2,2500,3100,1930,658000,2012-03-28
11204,2,1602,2079,1945,628000,2007-06-08
11204,4,2571,3320,1931,905000,2009-12-15
11204,4,2775,3510,1931,935000,2007-10-01
11204,1,1983,1376,1930,572000,2009-06-18
11204,1,2513,4104,1930,660000,2003-09-04
11204,2,2093,3162,1930,825000,2010-03-08
11204,2,2500,3960,1910,650000,2005-02-14
11204,2,3554,1663,1915,580000,2009-06-08
11204,1,2003,4832,1925,450000,2003-01-30
11204,1,2300,1580,1915,557500,2010-09-27
11204,2,2003,3336,1910,805000,2012-04-20
11204,1,1750,1020,1910,300000,2004-07-23
11204,6,2667,5290,1927,763000,2006-10-20
11204,1,2000,1290,1925,620000,2008-10-27
11204,2,2000,1532,1935,435000,2003-12-22
11204,2,2400,2520,1915,588000,2007-09-01
11204,8,4000,10870,2005,680000,2004-10-20
11204,1,1750,1689,1935,510000,2011-09-12
11204,3,1800,2184,1930,605000,2009-05-21
11204,2,1333,1551,1920,348000,2004-08-06
11204,3,4033,3300,1970,819000,2008-07-01
11204,2,2200,2480,1930,850000,2008-07-22
11204,2,2000,1880,1915,450000,2007-03-02
11204,1,1992,1608,1925,523000,2007-03-22
11204,2,2800,2600,1930,918000,2010-12-02
11204,2,2500,1600,1930,510000,2004-04-21
11204,3,3000,4050,1920,965000,2008-10-06
11204,2,2003,1428,1925,550000,2004-12-08
11204,2,2450,3840,1920,650000,2003-01-23
11204,2,1260,1760,1920,490000,2012-11-08
11204,1,1750,1020,1910,392000,2003-11-14
11204,2,2500,2480,1930,890000,2011-06-03
11204,2,1640,1782,1935,670000,2008-06-12
11204,1,2475,1392,1925,690000,2010-03-22
11204,1,2017,2100,1920,750000,2007-10-10
11204,2,2000,1608,1925,370000,2003-05-08
11204,2,2700,3840,1925,550000,2004-05-24
11204,1,2400,1782,1945,475000,2003-02-10
11204,2,2492,2752,1930,860000,2007-06-01
11204,1,2300,1600,1925,590000,2006-09-26
11204,3,3000,3144,1930,850000,2005-08-26
11204,1,2003,1132,1925,580000,2011-07-05
11204,3,4000,4126,1920,820000,2009-07-23
11204,3,1860,2236,1910,750000,2007-07-30
11204,2,2500,2480,1930,895000,2010-09-15
11204,4,2600,3444,1928,450000,2004-02-05
11204,3,3339,4620,1930,950000,2010-06-01
11204,2,2504,1320,1930,225000,2011-07-01
11204,2,2500,2720,1930,870000,2012-08-07
11204,2,2000,2652,1920,698000,2010-04-23
11204,1,1742,1569,1935,412000,2004-10-15
11204,1,3300,2182,1925,960000,2012-08-27
11204,2,2400,2520,1925,560000,2009-04-23
11204,2,2000,3184,1901,480000,2003-12-30
11204,2,2500,1656,1925,730000,2007-05-09
11204,2,1600,2400,1925,900000,2006-01-12
11204,4,2250,3000,1931,725000,2004-03-29
11204,2,2500,2240,1920,310000,2010-08-12
11204,1,2000,2010,1935,630000,2012-08-21
11204,2,3000,1746,1920,770000,2006-06-28
11204,2,2900,3840,1920,900000,2008-07-14
11204,2,2400,1640,1915,690000,2008-03-24
11204,1,2027,4320,1899,475000,2003-06-12
11204,3,2500,4200,1925,726000,2004-05-19
11204,2,2267,1822,1930,775000,2006-09-20
11204,1,2404,1368,1925,610000,2011-11-21
11204,2,2425,2352,1930,740000,2008-09-02
11204,2,2267,1822,1930,567500,2004-06-09
11204,2,1833,1611,1930,702500,2006-08-09
11204,2,2283,1800,1930,515000,2004-04-09
11204,2,2500,3720,1925,875000,2011-01-13
11204,6,2667,4797,1927,890000,2007-07-12
11204,2,2400,2680,1920,705000,2011-09-08
11204,2,2700,3510,1925,600000,2003-09-12
11204,3,2000,2580,1930,314563,2003-02-01
11204,2,1650,1296,1930,250000,2006-03-13
11204,2,1533,2240,1925,680000,2006-04-04
11204,2,2800,2072,1920,375000,2011-07-14
11204,2,2800,3960,1930,805000,2011-06-27
11204,2,2000,1440,1930,664250,2008-03-26
11204,2,1500,1332,1930,530000,2007-03-01
11204,1,4000,1326,1920,600000,2009-03-06
11204,2,2358,1936,1925,710000,2008-12-23
11204,2,2000,1850,1920,562000,2007-12-19
11204,2,2500,3960,1930,675000,2006-08-09
11204,2,2000,3072,1910,515000,2003-11-05
11204,1,2000,2304,1930,300000,2003-07-10
11204,1,1603,1024,1930,490000,2004-01-14
11204,1,2083,1304,1920,558000,2010-01-12
11204,2,2504,1320,1930,600000,2005-04-20
11204,1,3500,2421,1920,703000,2009-03-25
11204,2,2500,2400,1925,770000,2009-09-17
11204,2,2300,2640,1925,635000,2012-02-03
11204,2,2425,2352,1930,680000,2010-07-12
11204,2,2500,2849,1965,860000,2005-07-11
11204,2,1918,1900,1930,675000,2005-05-18
11204,4,2750,3510,1931,745000,2007-04-05
11204,2,2500,2068,1925,540000,2005-06-22
11204,2,3300,3720,1930,950000,2007-07-19
11204,2,2000,1664,1920,468000,2005-03-24
11204,1,1440,1782,1935,550000,2011-04-06
11204,2,1800,1732,1940,520000,2008-08-28
11204,2,2700,2432,1925,610000,2004-02-25
11204,2,1284,1040,1899,425532,2009-05-01
11204,2,2000,1712,1930,470000,2004-08-20
11204,2,2425,2919,1930,575000,2006-03-09
11204,1,1650,1296,1930,540000,2005-05-19
11204,2,1150,1240,1930,470000,2007-10-09
11204,4,2775,3510,1931,995000,2011-03-01
11204,3,2500,2700,1930,758000,2004-12-23
11204,2,3000,1736,1925,670000,2012-04-04
11204,1,1347,1500,1950,490000,2006-02-13
11204,3,2000,1248,1920,620000,2007-08-09
11204,1,2000,1260,1925,410000,2003-06-27
11204,1,3000,1383,1920,600000,2012-05-30
11204,2,2500,2400,1925,860000,2009-07-08
11204,2,2425,2492,1930,850000,2011-02-15
11204,2,1900,1666,1940,420000,2005-09-01
11204,2,2500,2640,1925,796000,2006-03-01
11204,1,1265,1981,1930,541888,2012-04-25
11204,1,2003,1032,1925,425000,2007-05-08
11204,1,1457,1950,1970,520000,2007-11-20
11204,2,2204,1919,1935,805000,2010-01-04
11204,2,3783,2300,1940,374500,2010-02-18
11204,1,2433,1376,1930,530000,2008-12-19
11204,2,1800,1732,1940,592000,2007-09-01
11204,2,2500,2400,1930,725000,2012-01-12
11204,1,2254,3230,1920,675500,2008-06-12
11204,2,1590,3000,1920,738000,2008-11-07
11204,1,2017,2100,1920,590000,2004-02-05
11204,2,2800,2920,1955,985000,2007-12-27
11204,2,1688,1952,1930,610000,2005-08-16
11204,4,2775,3510,1931,495000,2003-05-09
11204,1,2000,1350,1925,535000,2004-12-01
11204,2,2400,2080,1930,660000,2009-02-11
11204,3,2604,4224,1925,930000,2012-05-11
11204,2,2450,2640,1930,560000,2004-03-19
11204,1,1750,1575,1935,550000,2011-02-22
11204,3,2700,4080,1925,990000,2006-02-21
11204,3,2554,2400,1930,650000,2005-03-24
11204,2,2000,1430,1930,617000,2006-02-01
11204,1,1150,1328,1930,500000,2007-02-26
11204,3,2500,3360,1930,734000,2009-07-01
11204,1,2050,2432,1925,600000,2011-10-03
11204,3,2325,2508,1930,755000,2006-01-13
11204,2,2400,2400,1925,635000,2005-05-27
11204,2,2093,3162,1930,400000,2012-08-01
11204,1,3500,2421,1920,650000,2005-08-16
11204,3,2500,2400,1930,840000,2005-09-26
11204,1,2000,1290,1925,410000,2003-06-02
11204,3,2980,3480,1925,900000,2007-12-15
11204,2,2150,1952,1925,645000,2005-08-09
11204,1,1607,2460,1940,725000,2005-07-27
11204,3,1920,2546,1935,830000,2010-11-17
11204,2,1800,2232,1925,160000,2006-11-15
11204,2,4007,2736,1925,850000,2010-03-25
11204,1,2400,2388,1915,588000,2005-09-20
11204,1,2504,3000,1925,700000,2009-03-19
11204,1,2000,1350,1925,565000,2007-10-16
11204,2,1800,1620,1945,630500,2005-06-24
11204,2,2833,2320,1925,758000,2005-04-29
11204,1,1700,1622,1925,640000,2006-01-18
11204,3,2600,4020,1930,838000,2005-06-20
11204,3,2401,3200,1930,860000,2008-08-26
11204,1,1603,1242,1925,400000,2003-11-25
11204,3,2050,3267,1935,745000,2008-08-25
11204,2,2250,3804,1930,450000,2008-06-26
11204,1,1667,1320,1920,527500,2007-11-19
11204,2,3200,2024,1930,640000,2003-12-17
11204,3,2350,3162,1930,848800,2008-06-16
11204,3,4007,2695,1930,990000,2011-02-16
11204,2,3000,3840,1930,350000,2012-12-24
11204,2,2800,2072,1920,940000,2008-02-27
11204,2,2300,1736,1925,733800,2008-05-15
11204,2,1533,2240,1925,330000,2011-08-11
11204,2,3750,2304,1925,955000,2012-04-16
11204,2,3000,1746,1920,325000,2010-11-15
11204,3,2500,2600,1920,588000,2003-10-08
11204,1,3300,1920,1925,749000,2006-02-23
11204,4,2158,3280,1931,610000,2004-03-30
11204,2,3150,2595,1935,720000,2006-04-12
11204,2,2500,3720,1925,785000,2005-03-07
11204,3,2883,4554,1935,990000,2010-04-29
11204,2,1600,2464,1925,650000,2007-08-13
11204,2,2483,3192,1925,760000,2006-02-01
11204,1,2705,1515,1920,785000,2011-04-11
11204,1,2000,1288,1920,475000,2007-03-26
11204,2,1639,1356,1925,436000,2004-05-19
11204,2,2492,2480,1920,700000,2005-01-12
11204,3,2000,3080,2003,752487,2003-10-21
11204,2,2452,1920,1950,730500,2010-06-15
11204,2,2000,3300,1901,702200,2007-09-24
11204,2,2003,4200,1910,797500,2006-06-09
11204,2,2800,2680,1930,395500,2005-06-28
11204,1,1983,2800,1930,595000,2006-03-03
11204,3,2003,5120,1975,350000,2003-03-10
11204,2,2003,1320,1920,325000,2004-11-08
11204,2,3150,1428,1935,675000,2003-12-15
11204,2,1700,1478,1925,480000,2010-03-23
11204,2,1150,1240,1930,390000,2007-03-06
11204,1,2000,1326,1925,453000,2003-11-25
11204,1,1750,1589,1930,580000,2008-12-16
11204,1,2000,1428,1920,600000,2007-10-24
11204,3,2550,3660,1930,610000,2004-07-29
11204,6,5003,7614,2007,660000,2006-07-26
11204,1,2160,4876,2003,710000,2003-10-23
11204,2,1800,1768,1920,720000,2008-07-15
11204,1,2279,1870,1920,750000,2009-01-05
11204,2,2500,3200,1920,860000,2007-12-17
11204,3,1800,3000,1925,920000,2008-05-12
11204,2,2500,2400,1925,500000,2003-03-10
11204,3,1843,3310,1991,785000,2005-03-29
11204,4,3005,1600,1931,905000,2009-03-05
11204,2,4000,2320,1925,844000,2012-02-01
11204,1,1800,1472,1920,575000,2005-08-30
11204,2,1910,2820,1925,465500,2003-06-01
11204,2,2425,2919,1930,500000,2003-01-23
11204,4,2500,3337,1931,930000,2011-01-10
11204,4,2650,3520,1931,185000,2005-08-05
11204,2,1150,2492,1930,465000,2003-11-06
11204,1,2100,1782,1945,620000,2011-08-18
11204,2,2500,2240,1920,898000,2011-12-15
11204,2,1520,1900,1930,665000,2006-04-10
11204,2,2875,2248,1930,810000,2008-07-22
11204,3,2475,2680,1940,635000,2004-01-27
11204,2,2078,1868,1905,336000,2003-03-19
11204,2,2000,1440,1930,512000,2003-05-30
11204,2,2650,2229,1930,848000,2010-11-23
11204,2,2184,1674,1950,625000,2006-03-16
11204,2,1440,1732,1940,578000,2011-09-29
11204,2,1959,2000,1930,490000,2011-01-05
11204,2,2300,1834,1925,600000,2005-06-29
11204,1,1150,1328,1930,515000,2008-05-30
11204,3,2758,3561,1940,913440,2009-07-22
11204,1,2400,1608,1915,650000,2012-09-27
11204,2,1150,1328,1930,390500,2004-02-12
11204,1,2000,1372,1930,482000,2007-06-06
11204,1,2150,2500,1925,615000,2005-09-21
11204,1,1750,1839,1935,499000,2007-01-29
11204,3,2800,1633,1925,875000,2009-12-09
11204,1,4007,1900,1920,800000,2011-11-01
11204,3,1600,2388,1935,600000,2007-04-05
11204,1,2003,3125,1960,805000,2009-04-28
11204,1,1750,1020,1910,460000,2009-04-29
11204,3,2980,3480,1925,900000,2005-01-10
11204,2,1600,2460,1920,600000,2007-08-16
11204,2,2400,2320,1930,721000,2007-02-01
11204,2,2000,2580,1915,492500,2004-07-14
11204,4,2554,3200,1931,905000,2009-04-27
11204,2,2513,2144,1930,825000,2009-12-28
11204,3,2500,3400,1930,597000,2003-12-23
11204,2,4000,5864,1930,833000,2009-10-22
11204,2,2542,2720,1930,585000,2003-10-20
11204,3,1800,3280,1960,520000,2003-06-03
11204,2,4000,4000,1920,600000,2003-05-29
11204,2,2625,2604,1925,829000,2011-07-07
11204,1,2400,2548,1915,300000,2009-11-13
11204,3,2755,3240,1910,990000,2009-01-15
11204,1,2000,2740,1910,700000,2006-02-22
11204,2,2217,3951,1955,600000,2003-12-25
11204,2,3300,2197,1925,815000,2007-10-18
11204,3,2831,4550,2006,910000,2003-06-11
11204,2,2705,5980,1990,995000,2004-07-01
11204,1,2000,2384,1930,660000,2008-08-28
11204,2,1833,1551,1930,550000,2008-04-01
11204,2,2700,2640,1930,421000,2010-12-03
11204,2,2500,2480,1925,835000,2007-03-27
11204,1,1603,1024,1930,550000,2004-08-03
11204,2,1513,1732,1940,580000,2009-02-27
11204,4,2500,3200,1924,200000,2007-12-18
11204,1,1983,1376,1930,527000,2007-06-13
11204,2,2500,2240,1930,799000,2006-09-29
11204,2,2225,3488,1925,700000,2008-08-28
11204,3,2003,2475,1935,850500,2006-12-27
11204,2,2000,1952,1925,665000,2005-05-05
11204,1,1150,1649,1930,295000,2004-08-25
11204,2,1459,5848,2002,900000,2007-08-14
11204,6,1980,4824,1931,550000,2005-02-01
11204,1,2003,3104,1925,705000,2008-04-03
11204,2,2988,1424,1930,560000,2011-08-23
11204,4,2517,3161,1931,720000,2004-01-26
11204,3,2003,3720,1925,400500,2003-01-28
11204,1,2003,1958,1920,500000,2004-12-06
11204,1,2003,1958,1920,750000,2006-11-15
11204,2,4007,3120,1910,700000,2004-11-17
11204,2,2204,1672,1925,700000,2010-06-22
11204,3,2700,3720,1930,780000,2008-10-03
11204,2,1700,1478,1925,560000,2005-04-01
11204,3,2883,2680,1930,968000,2012-10-02
11204,1,2805,2810,1920,253000,2010-10-14
11204,2,3000,3050,1930,647500,2012-03-14
11204,1,1603,4001,1925,406000,2003-12-22
11204,2,2500,2400,1930,610000,2006-09-15
11204,1,2003,1408,1925,499000,2005-09-28
11204,2,2500,2560,1940,630000,2005-06-03
11204,2,4000,1985,1930,435000,2004-03-11
11204,4,2533,3213,1931,850000,2010-09-28
11204,2,4000,1985,1930,705000,2004-12-28
11204,2,3000,3273,1920,685000,2012-01-20
11204,2,2400,2080,1925,605000,2009-12-21
11204,2,2500,2400,1925,500000,2004-07-26
11204,3,3042,2728,1935,949500,2012-12-14
11204,1,1800,1568,1920,450500,2003-08-11
11204,4,2700,3600,1925,754000,2004-08-17
11204,2,2650,2120,1930,405000,2010-06-07
11204,1,1800,3750,1920,532500,2004-01-30
11204,3,2000,2620,1940,557000,2003-09-25
11204,2,2633,3306,1920,800000,2012-12-03
11204,2,2003,3170,1940,575000,2004-02-10
11204,6,1980,4824,1931,925000,2012-06-07
11204,3,2705,3420,1944,636000,2003-06-17
11204,2,2000,2416,1950,725000,2006-01-17
11204,2,2504,2580,1925,995000,2010-09-07
11204,2,2529,2940,1930,499000,2004-07-01
11204,2,2500,2240,1920,305000,2010-01-25
11204,1,1150,1240,1930,333000,2003-09-18
11204,1,2000,1320,1925,500000,2005-07-11
11204,2,2000,2464,1935,340000,2006-06-27
11204,2,2500,2480,1930,500000,2003-04-29
11204,3,2500,3200,1920,675000,2004-07-02
11204,2,2114,2626,1930,575000,2008-11-14
11204,1,1750,1020,1910,435000,2006-10-16
11204,1,3000,1216,1930,495000,2003-10-09
11204,2,2500,3100,1930,250000,2003-08-27
11204,1,2003,3453,1925,700000,2003-12-10
11204,2,2000,1248,1920,455000,2003-03-28
11204,3,2500,2900,1925,788000,2008-10-07
11204,3,2003,2585,1970,200000,2008-07-28
11204,3,2950,3240,1940,697000,2008-05-13
11204,1,1983,1376,1930,582000,2007-01-24
11204,2,4007,3688,1925,300000,2005-09-01
11204,2,2200,2386,1910,585000,2005-09-16
11204,2,2500,2418,1915,747000,2008-08-07
11204,1,2247,1524,1920,520500,2009-10-26
11204,4,2667,3476,1926,980000,2010-01-01
11204,1,1800,1568,1920,624000,2007-11-13
11204,3,2500,2800,1925,995000,2011-09-22
11204,1,1179,1305,1930,555000,2012-09-12
11204,4,2542,3080,1924,958000,2009-03-27
11204,2,3000,2682,1930,475000,2008-07-11
11204,2,2000,2010,1899,450000,2003-02-01
11204,2,2200,2392,1930,722000,2004-10-22
11204,3,2925,4086,1920,181875,2005-02-16
11204,1,2000,1428,1920,220000,2005-06-23
11204,2,2500,4080,1940,840000,2009-08-27
11204,6,2304,4968,1931,720000,2011-02-15
11204,1,1603,1024,1925,470000,2003-11-12
11204,2,2883,2680,1930,825000,2009-08-24
11204,1,2000,1440,1930,665000,2012-08-08
11204,4,3000,3590,1931,570000,2003-02-13
11204,4,2000,3818,1931,628000,2005-06-16
11204,2,2000,2250,1920,639000,2007-07-20
11204,1,4000,2548,1930,635000,2004-03-11
11204,4,2800,3510,1931,900000,2010-09-09
11204,2,1803,3100,1935,695000,2007-08-15
11204,2,2533,2720,1930,650000,2003-04-03
11204,2,2003,2272,1925,860000,2012-12-20
11204,2,2021,2128,1930,760000,2005-05-17
11204,2,2300,2480,1915,542000,2005-03-21
11204,1,2003,2040,1930,721435,2010-05-05
11204,3,2805,3852,1930,950000,2009-05-12
11204,2,2075,2720,1930,430000,2003-06-11
11204,3,4000,3054,1931,700000,2011-12-13
11204,2,2000,2400,1925,500000,2003-11-12
11204,1,1750,1020,1910,445000,2012-03-29
11204,2,2425,2352,1930,680000,2004-12-30
11204,2,1600,1146,1925,470000,2012-06-21
11204,4,2000,2296,1931,730000,2004-09-28
11204,1,1440,1633,1935,545000,2005-11-14
11204,3,2000,3336,1901,765000,2010-04-06
11204,3,2000,3220,1901,695000,2011-02-01
11204,3,2000,2400,1920,525000,2004-10-27
11204,2,1800,2232,1925,625000,2007-12-19
11204,4,2496,3280,1931,375500,2004-02-03
11204,3,4000,3400,1920,935000,2004-06-02
11204,3,2000,2340,1915,540000,2005-04-07
11204,1,1750,1530,1910,490000,2008-06-18
11204,2,2283,1800,1930,530000,2004-02-02
11204,2,2450,2640,1930,730000,2006-08-30
11204,3,1800,1890,1940,400000,2003-01-21
11204,2,2520,2604,1925,780000,2009-07-30
11204,6,3000,5400,1926,926000,2011-12-16
11204,3,2500,2640,1930,818000,2006-08-28
11204,2,2500,2680,1925,588000,2003-10-28
11204,2,2000,3382,1935,775000,2008-07-03
11204,2,2000,2416,1925,560000,2005-08-18
11204,2,2400,2120,1930,840000,2008-08-01
11204,1,1800,1633,1940,525000,2006-10-17
11204,1,2000,2740,1925,525000,2005-09-16
11204,1,2200,1260,1920,515000,2009-10-26
11204,2,2492,2752,1930,865000,2009-08-17
11204,3,2550,3960,1930,800000,2008-09-15
11204,2,2404,2960,1925,490000,2003-06-26
11204,2,2500,3200,1920,890000,2011-05-16
11204,2,1957,3360,1920,530000,2004-07-08
11204,2,4000,2456,1910,965000,2012-01-26
11204,1,1026,1683,1940,500000,2012-07-09
11204,2,2500,2400,1930,760000,2007-01-18
11204,4,2583,3200,1925,615000,2003-07-03
11204,4,2850,3470,1931,920000,2006-01-19
11204,3,2000,2400,1920,392000,2009-06-01
11204,2,2208,2800,1915,733000,2009-07-21
11204,2,2021,2128,1930,926000,2012-12-27
11204,2,2000,2016,1925,350000,2007-05-18
11204,2,2500,2480,1930,760000,2009-11-05
11204,1,4000,3792,1925,795000,2005-05-18
11204,2,2475,1760,1960,440500,2003-02-25
11204,2,2500,2640,1930,938000,2007-07-13
11204,2,1953,2430,1910,550000,2003-08-11
11204,2,2500,4020,1925,985000,2012-02-02
11204,6,3000,5725,1927,915000,2007-03-01
11204,2,1976,3540,1930,860000,2008-03-19
11204,2,2917,2061,1920,720000,2007-01-22
11204,1,1603,1920,1930,340500,2003-03-05
11204,2,1600,2280,1910,615000,2008-02-19
11204,2,2300,2752,1930,680000,2009-08-13
11204,1,2404,1864,1930,465000,2006-07-11
11204,2,2500,2319,1930,768000,2005-02-01
11204,4,3500,3157,1931,950000,2010-01-15
11204,2,2450,1042,1920,462000,2006-05-11
11204,3,2013,2530,1935,686000,2007-01-26
11204,1,3000,1138,1920,560000,2004-08-11
11204,6,1980,4824,1931,470000,2004-12-15
11204,1,1750,1020,1930,535500,2006-10-26
11204,2,2300,1940,1915,590000,2007-07-13
11204,1,3300,1920,1925,925000,2012-11-21
11204,2,2500,2480,1930,760000,2006-02-17
11204,2,1639,1356,1925,510000,2007-10-11
11204,1,2092,1376,1930,597000,2010-11-17
11204,3,2000,3324,1930,770000,2005-12-15
11204,2,2204,3640,1920,718000,2006-05-10
11204,2,2500,3100,1930,735000,2006-08-15
11204,1,2000,1288,1920,560000,2011-01-06
11204,2,1438,2460,1935,593000,2005-07-29
11204,2,2400,3696,1930,899900,2007-11-20
11204,3,2500,1744,1925,650000,2005-06-22
11204,2,2500,2480,1925,838000,2008-10-07
11204,2,2300,1656,1925,540000,2010-01-04
11204,4,2750,3600,1931,795000,2006-05-08
11204,2,2000,2304,1930,560000,2005-04-28
11204,1,2300,1600,1925,570000,2005-12-01
11204,3,2400,5720,2007,585000,2003-09-25
11204,1,1603,1024,1920,240000,2011-03-09
11204,2,2208,2800,1915,725000,2006-07-07
11204,6,2900,5400,1931,678000,2004-09-08
11204,1,1800,1836,1925,650000,2009-09-17
11204,2,2404,4134,1930,900000,2008-05-07
11204,4,2650,3520,1931,895000,2007-12-19
11204,2,1440,1732,1940,505000,2004-10-08
11204,4,2400,3744,1931,720000,2005-02-01
11204,1,1652,1110,1920,365000,2003-12-02
11204,1,2604,1620,1920,805000,2011-04-13
11204,1,3300,2796,1925,685000,2012-04-03
11204,2,1887,2325,1935,700000,2012-04-12
11204,2,2003,3080,1960,900000,2012-12-21
11204,2,1200,1760,1940,615000,2004-11-09
11204,1,2003,1032,1925,380000,2003-09-22
11204,2,2504,2720,1930,890000,2010-04-14
11204,3,1583,2882,1945,738000,2006-08-21
11204,2,1667,1360,1920,460000,2008-02-27
11204,3,3000,6600,1996,975000,2006-07-01
11204,2,2504,3780,1931,580000,2004-01-20
11204,2,4000,3030,1930,900000,2011-05-24
11204,2,2052,3534,1925,269406,2012-11-26
11204,1,2000,1428,1920,850000,2006-11-16
11204,2,2003,2136,1930,550000,2007-11-16
11204,1,4410,2915,1920,750000,2009-11-05
11204,3,2232,3550,1930,870000,2010-10-20
11204,2,2003,3242,1945,825000,2005-02-16
11204,4,2683,3600,1925,232200,2005-05-01
11204,1,2003,2200,1920,727000,2008-05-19
11204,6,1900,3280,1931,575000,2004-10-08
11204,2,1440,1732,1940,605000,2005-03-30
11204,2,2660,1800,1935,516500,2004-09-23
11204,2,4007,2015,1920,800000,2005-05-06
11204,2,4000,1897,1930,980000,2012-04-06
11204,2,2400,2312,1930,678000,2005-07-14
11204,2,3000,2088,1920,770000,2007-12-06
11204,1,2003,4620,1960,555000,2010-03-01
11204,2,2250,3132,1925,440000,2004-05-13
11204,1,1750,1575,1935,500000,2010-12-07
11204,2,2133,1872,1925,716000,2010-12-30
11204,2,2597,2180,1935,570000,2004-04-01
11204,2,2483,2480,1925,888000,2008-09-19
11204,1,2800,1494,1920,290900,2003-04-28
11204,1,2400,1440,1930,684000,2007-09-06
11204,2,2000,1952,1925,600000,2006-02-01
11204,4,2200,3520,1930,790000,2005-11-15
11204,3,2867,2420,1930,850000,2006-01-06
11204,1,2500,2340,1930,550000,2008-08-01
11204,1,2300,1580,1915,593000,2010-01-08
11204,6,2600,5214,1927,510000,2005-07-12
11204,1,2805,2810,1920,253000,2011-01-18
11204,1,1950,1547,1930,505000,2005-02-15
11204,1,2400,1470,1935,430000,2005-11-28
11204,3,2768,4560,2004,680000,2003-09-22
11204,2,1918,1900,1930,680000,2009-01-08
11204,2,2000,2661,1940,400000,2003-02-24
11204,2,1815,1296,1930,585000,2012-05-24
11204,3,2000,3260,1920,539000,2003-08-29
11204,2,2400,2520,1925,693000,2009-08-18
11204,3,2300,2040,1925,680000,2007-05-03
11204,2,1872,2692,1925,605000,2005-12-02
11204,1,1603,1024,1930,520000,2005-05-05
11204,3,2000,2728,1970,723000,2008-07-29
11204,3,2425,3300,1920,540000,2003-08-27
11204,2,1520,1900,1930,714500,2007-01-11
11204,2,1800,1795,1925,520000,2003-10-07
11204,2,4000,2412,1910,747000,2011-07-15
11204,4,2667,3439,1931,850000,2008-04-11
11204,2,2438,2560,1930,515000,2003-04-02
11204,4,2500,3026,1924,630000,2003-03-14
11204,1,1603,1452,1945,510000,2011-11-10
11204,4,2700,3520,1931,780000,2006-11-08
11204,2,3000,2116,1920,772500,2005-01-13
11204,2,1320,1605,1950,462500,2005-07-19
11204,4,2500,3000,1923,700000,2007-07-09
11204,3,1800,2184,1930,415000,2003-11-07
11204,2,2500,1696,1940,545000,2004-10-14
11204,2,2003,3336,1910,900000,2006-11-01
11204,2,1959,2000,1930,670000,2007-06-20
11204,1,2400,1590,1915,250000,2007-07-21
11204,1,1600,1114,1920,480000,2011-10-06
11204,3,2000,2492,1940,635000,2004-09-21
11204,3,2500,3780,1930,745000,2006-08-16
11204,2,2525,2360,1930,690000,2004-05-03
11204,1,2500,3400,1930,715000,2008-07-18
11204,3,2705,3420,1944,600000,2006-07-18
11204,2,2400,2600,1915,600000,2006-11-16
11204,2,1535,1900,1930,499000,2003-05-22
11204,2,1459,5848,2002,950000,2004-03-18
11204,2,2104,2545,1925,375000,2003-07-29
11204,1,2003,1958,1920,705000,2007-02-12
11204,1,1150,2042,1925,489900,2006-07-27
11204,3,2400,3300,1925,350000,2010-09-15
11204,2,1800,1808,1930,575000,2007-12-13
11204,3,2400,2400,1930,995000,2012-10-15
11204,2,1500,1696,1930,580000,2010-07-16
11204,2,3339,2638,1915,780000,2011-10-06
11204,2,2483,2128,1925,360000,2006-06-23
11204,2,1603,2615,1925,350000,2010-06-02
11204,3,2000,3215,1925,525000,2003-10-15
11204,1,1200,1760,1940,560000,2010-06-17
11204,2,2000,3540,1930,712000,2008-07-22
11204,2,2575,2840,1930,350000,2006-11-14
11204,3,2400,3160,1930,711500,2011-11-15
11204,6,2667,5647,1928,850000,2012-09-19
11204,2,3000,6916,2005,565000,2004-09-01
11204,3,2500,2688,1925,760000,2007-11-07
11204,2,2504,4464,1920,440000,2010-05-03
11204,2,2500,2720,1930,420000,2008-07-02
11204,2,1600,2464,1925,600000,2011-03-28
11204,2,4000,3050,1930,499900,2010-08-13
11204,1,2000,2208,1930,580000,2008-11-21
11204,2,3239,4900,1940,775000,2005-05-03
11204,3,2600,2360,1930,647800,2004-12-22
11204,2,4007,2232,1925,710000,2003-07-08
11204,2,2700,3510,1925,750000,2005-03-15
11204,1,2000,1344,1930,594750,2010-04-16
11204,1,2667,1330,1920,660000,2012-01-19
11204,2,2517,2480,1920,300000,2005-07-11
11204,1,1600,1656,1920,445000,2005-05-06
11204,3,2500,2680,1925,799000,2010-07-19
11204,1,2003,1750,1930,999900,2008-07-15
11204,2,2550,4020,1920,592500,2008-06-19
11204,2,2000,2736,1960,772000,2011-05-09
11204,2,2283,1800,1930,680000,2008-10-01
11204,2,2000,1404,1925,660000,2010-05-01
11204,3,2000,2492,1940,790000,2006-08-29
11204,1,1600,1828,1920,520000,2011-02-04
11204,3,2354,3705,1930,780000,2005-12-08
11204,4,2500,3040,1925,658000,2004-06-24
11204,2,2500,1730,1930,700000,2012-10-10
11204,3,4000,2556,1910,628000,2003-03-20
11204,4,2608,3276,1931,600000,2003-08-13
11204,1,2000,2208,1930,660000,2012-02-28
11204,2,2500,2480,1930,680000,2005-08-15
11204,2,2400,2360,1930,725000,2005-12-27
11204,1,2462,1889,1935,820000,2007-08-13
11204,1,2800,1940,1930,630000,2004-04-05
11204,1,4000,1552,1940,395000,2003-08-27
11204,1,2000,1264,1930,459000,2009-02-03
11204,4,2755,3080,1931,900000,2008-06-23
11204,2,2173,2187,1930,220345,2008-01-23
11204,1,1800,1472,1920,438000,2003-05-27
11204,1,1992,1920,1925,575000,2005-10-04
11204,2,2000,2404,1930,703500,2007-06-22
11204,6,2667,5290,1927,967500,2012-10-05
11204,2,2000,1802,1920,598000,2008-07-29
11204,1,2000,1170,1925,520000,2004-12-02
11204,2,2500,2719,1930,710000,2008-06-11
11204,2,2003,1840,1960,580000,2012-12-06
11204,4,2800,3350,1935,986000,2007-09-07
11204,2,2575,2840,1930,755000,2006-07-25
11204,3,2500,2400,1930,850000,2007-05-29
11204,3,3005,4614,1920,657000,2006-02-15
11204,2,3005,2240,1925,145609,2005-12-01
11204,2,2000,2480,1915,478000,2006-03-09
11204,1,2300,1580,1915,520000,2005-11-15
11204,1,2429,5600,1930,500000,2003-09-23
11204,1,2000,1376,1930,575000,2007-01-08
11204,2,1939,2128,1930,745000,2005-07-01
11204,2,2003,1675,1925,560000,2005-02-24
11204,2,1800,2124,1925,200000,2004-05-27
11204,4,2875,3510,1931,538000,2003-03-19
11204,2,2500,2040,1920,380000,2003-09-19
11204,2,2104,1920,1920,750000,2004-10-12
11204,3,1850,2224,1901,133500,2003-05-30
11204,2,2300,1834,1925,545000,2004-07-02
11204,2,2000,1880,1915,675000,2008-05-20
11204,2,2500,2480,1925,515000,2004-02-03
11204,2,2400,2400,1925,490000,2003-06-12
11204,2,2500,2480,1930,639000,2004-07-21
11204,1,2400,1575,1950,650000,2007-08-09
11204,2,2425,2100,1930,655500,2004-10-22
11204,1,3000,1612,1920,770000,2004-09-22
11204,1,1720,1344,1930,328000,2004-01-15
11204,2,2300,2480,1915,710000,2008-06-26
11204,1,1708,1416,1920,570000,2006-04-25
11204,3,2000,1248,1920,560000,2005-02-04
11204,2,2800,2128,1930,660000,2007-03-28
11204,1,2504,5505,2007,800000,2006-09-19
11204,2,3000,3146,1920,500000,2009-08-28
11204,1,4007,2385,1925,999000,2004-01-01
11204,2,2758,3049,1970,730000,2004-05-25
11204,6,3000,5305,1931,900000,2011-03-30
11204,2,2003,2240,1910,775000,2010-01-06
11204,2,2500,3350,1925,670000,2004-01-15
11204,1,1983,1376,1930,625000,2004-11-10
11204,1,3000,1392,1920,855000,2007-06-07
11204,1,2003,1960,1925,230000,2011-05-03
11204,3,2003,2576,1935,600000,2010-02-02
11204,2,2500,4200,1915,390000,2008-09-05
11204,2,2003,2040,1930,100500,2003-01-21
11204,1,1600,1060,1920,480000,2007-05-16
11204,3,2500,3672,1925,600000,2003-08-25
11204,2,2500,2480,1925,850000,2008-05-12
11204,1,2003,2100,1930,710000,2005-12-27
11204,1,2000,1380,1930,438000,2005-02-15
11204,2,2425,2100,1930,490000,2003-10-10
11204,2,1750,1020,1910,425000,2004-08-05
11204,4,2000,2296,1931,874500,2006-06-14
11204,2,2000,3035,1950,685000,2009-11-02
11204,2,2500,2068,1925,660000,2009-05-15
11204,1,1800,1732,1940,640000,2010-08-27
11204,1,1613,1112,1925,694000,2006-02-16
11204,1,3205,3376,1925,750000,2005-09-01
11204,2,2000,2412,1925,645000,2010-08-20
11204,1,3000,1921,1920,530000,2008-12-17
11204,2,2200,1764,1925,675000,2007-06-21
11204,2,3000,2088,1920,350000,2010-06-18
11204,1,2400,1470,1935,540000,2008-05-22
11204,3,2354,3990,1925,615500,2004-07-07
11204,1,2404,4676,2007,715000,2006-05-25
11204,2,3435,3135,1920,700000,2003-10-28
11204,2,3000,2500,1920,580000,2009-06-24
11204,4,2550,3000,1931,728000,2005-08-08
11204,2,2021,2128,1930,760000,2010-04-23
11204,3,2400,2400,1930,690000,2003-12-18
11204,2,2800,2128,1930,820000,2011-03-04
11204,1,2267,2480,1915,550000,2009-03-12
11204,1,2671,2394,1925,925000,2012-03-06
11204,2,2529,4550,1925,987000,2008-09-02
11204,1,1600,1656,1920,505000,2008-06-20
11204,2,2500,3960,1920,740000,2008-10-21
11204,2,1650,1296,1930,385000,2004-02-16
11204,1,3000,2772,1925,760000,2011-12-15
11204,2,2548,2475,1930,563000,2008-01-28
11204,6,1980,4824,1931,830000,2012-09-27
11204,3,2421,2400,1920,670000,2011-01-11
11204,4,2200,3520,1930,992500,2008-03-13
11204,1,1925,1140,1920,510000,2009-04-01
11204,3,2000,2375,1935,818000,2010-12-13
11204,3,2020,2387,1940,815000,2007-12-19
11204,3,2000,2340,1915,750000,2007-06-27
11204,1,1828,1204,1925,775000,2006-03-16
11204,4,2800,3444,1928,583000,2003-06-11
11204,3,2500,3400,1930,616000,2003-06-26
11204,2,2500,3800,1920,900000,2010-10-26
11204,1,1803,1408,1920,680000,2012-06-12
11204,2,2500,2640,1930,800000,2006-08-07
11204,2,1418,1683,1940,620000,2010-07-16
11204,2,2450,1376,1925,590000,2009-10-07
11204,2,3750,3456,1925,999000,2011-06-29
11204,3,2500,3072,1901,715000,2005-10-04
11204,1,1742,1569,1935,460000,2011-09-19
11204,2,2500,2400,1925,870000,2008-07-01
11204,3,2195,3553,1935,999000,2011-07-18
11204,1,2000,2740,1925,550000,2010-12-01
11204,2,2200,3785,1930,735000,2005-06-21
11204,2,2150,3328,1965,860000,2005-06-09
11204,1,2003,2336,1925,692000,2007-10-25
11204,2,2805,4200,1920,550000,2003-05-07
11204,3,2003,2640,1910,834500,2008-03-25
11204,4,2650,3520,1931,600000,2009-03-05
11204,2,2000,2650,1965,240000,2007-03-01
11204,2,1833,2385,1910,542000,2004-12-08
11204,2,2000,1952,1925,410000,2003-11-25
11204,2,2400,1884,1930,565000,2006-09-21
11204,2,2176,1674,1950,570000,2010-02-02
11204,2,1983,1576,1930,480000,2003-03-24
11204,2,2500,2480,1930,730000,2005-09-07
11204,2,1600,2280,1920,588000,2010-03-03
11204,2,2000,3008,1910,710000,2012-03-14
11204,1,3581,6900,2002,750000,2005-07-13
11204,3,1517,2850,1930,500000,2004-06-16
11204,2,2000,2208,1930,554888,2008-10-15
11204,2,2955,4840,1910,650000,2004-08-12
11204,2,2400,2500,1925,370000,2003-03-06
11204,6,3000,5725,1927,875000,2011-03-01
11204,2,2600,2342,1935,600000,2005-01-18
11204,3,3500,3012,1930,880000,2010-02-25
11204,2,2798,1440,1915,608000,2009-11-18
11204,6,1980,4824,1931,110000,2010-10-19
11204,3,2000,3400,1955,770000,2004-10-13
11204,2,2003,2750,1925,750000,2005-12-19
11204,1,1903,1560,1935,565000,2003-06-13
11204,2,2104,2545,1925,525000,2003-07-29
11204,3,2500,2700,1930,848000,2007-10-17
11204,2,2504,1454,1910,500000,2004-01-13
11204,1,1600,1136,1925,400000,2003-11-24
11204,4,2667,3439,1931,735000,2003-08-04
11204,2,1459,5848,2002,855000,2004-01-08
11204,1,2400,1470,1935,435000,2003-07-14
11204,2,2267,1822,1930,395000,2010-11-05
11204,3,1817,2000,1920,535000,2006-11-20
11204,1,1733,1560,1935,120000,2010-11-08
11204,3,2000,2464,1935,622000,2004-04-06
11204,3,2500,3960,1930,683000,2003-12-11
11204,2,1800,2232,1925,390500,2004-11-19
11204,2,2500,2480,1925,400000,2009-02-18
11204,2,2500,3600,1930,758000,2007-05-30
11204,3,2700,4422,1920,165000,2004-10-20
11204,2,2400,2472,1915,695000,2009-07-29
11204,2,2500,2719,1930,422500,2004-01-01
11204,1,2604,1836,1925,775000,2012-12-06
11204,4,2750,3510,1931,969000,2009-03-03
11204,4,2600,3230,1926,760000,2006-07-15
11204,2,1848,2880,1960,700000,2007-02-09
11204,2,1650,2260,1960,430000,2003-01-10
11204,4,2500,3198,1931,758000,2004-08-06
11204,2,2000,1860,1925,670000,2008-04-04
11204,1,2404,1864,1930,882000,2008-10-07
11204,1,1983,2800,1930,500000,2004-09-15
11204,2,2397,2470,1925,775000,2009-02-27
11204,1,2404,3654,1925,600000,2003-06-17
11204,2,2500,3360,1920,657000,2004-04-02
11204,1,2504,3270,1925,845000,2009-02-11
11204,2,1850,2424,1901,515000,2005-01-04
11204,2,2000,2048,1925,620000,2007-08-03
11204,3,2700,4404,1901,612800,2005-04-22
11204,2,1476,1890,1945,555000,2007-08-13
11204,2,2500,2128,1930,430500,2003-10-27
11204,2,3013,1600,1915,620000,2011-04-11
11204,4,2650,3520,1931,836000,2005-03-04
11204,2,2003,2100,1920,495000,2005-08-01
11204,2,2604,2340,1925,900000,2007-07-25
11204,1,1803,1170,1925,583602,2007-03-26
11204,1,1440,1777,1940,578000,2010-04-23
11204,1,1983,1376,1930,452000,2004-01-07
11204,4,2500,3026,1924,780000,2005-12-08
11204,2,1853,1836,1925,570000,2010-03-18
11204,2,2003,3170,1940,150000,2005-09-09
11204,2,2150,2442,1925,650000,2007-03-21
11204,1,3506,1961,1925,615000,2004-07-15
11204,2,2003,1944,1910,380000,2005-03-30
11204,2,2500,2440,1930,865000,2009-09-24
11204,3,2003,2585,1970,925000,2006-03-28
11204,4,2667,3600,1926,905000,2006-05-12
11204,3,2554,3654,1910,630000,2003-10-30
11204,1,1265,1981,1930,565000,2009-10-28
11204,2,1918,1900,1930,628000,2005-04-25
11204,2,2500,2480,1930,612000,2008-02-27
11204,1,1673,1038,1920,492500,2011-05-13
11204,4,2140,2800,1931,780000,2011-01-06
11204,1,2600,1444,1925,520000,2012-09-24
11204,3,2000,3336,1901,725000,2009-10-15
11204,1,3000,2079,1925,618000,2007-03-22
11204,2,2450,3720,1925,845000,2011-02-15
11204,2,2000,2168,1925,810000,2012-06-21
11204,2,2000,3184,1901,610000,2011-06-01
11204,1,1418,1872,1970,538000,2005-06-16
11204,2,2613,2280,1925,611452,2003-07-22
11204,3,4007,2411,1925,340000,2011-07-12
11204,2,3000,2560,1930,805000,2006-08-28
11204,2,4000,2389,1930,790000,2011-12-22
11204,2,2000,1664,1930,488000,2003-03-18
11204,2,2000,1350,1925,355000,2003-02-21
11204,3,3005,4614,1920,680000,2006-03-22
11204,1,1600,1432,1905,470000,2004-01-15
11204,2,1200,1872,1930,658000,2009-10-07
11204,2,2000,1440,1930,600500,2007-07-11
11204,3,2617,3960,1925,755000,2009-12-01
11204,3,2003,2520,1910,675000,2004-08-30
11204,1,1800,2208,1920,580000,2005-04-18
11204,2,3339,2185,1925,735000,2004-08-02
11204,1,2600,1872,1925,492000,2003-04-11
11204,3,2750,3960,1930,995000,2012-12-03
11204,6,3000,5400,1926,995000,2012-04-20
11204,2,1800,2312,1925,560000,2008-02-08
11204,2,2300,2040,1915,660000,2007-08-28
11204,2,1150,1784,1935,200000,2008-06-10
11204,3,1600,2338,1920,735000,2005-08-01
11204,2,1667,1320,1920,540000,2009-08-25
11204,2,2500,2480,1925,850000,2009-07-01
11204,2,2550,3660,1930,900000,2006-05-02
11204,3,2350,3162,1930,540000,2003-10-01
11204,2,1304,1040,1899,412000,2006-12-21
11204,2,2300,2790,1915,540000,2005-03-07
11204,2,2400,2210,1930,620000,2007-07-10
11204,2,3000,2682,1930,475000,2008-07-11
11204,1,1636,1024,1925,545000,2005-06-02
11204,1,1800,2578,1910,395000,2004-03-01
11204,2,3480,3407,1977,830000,2012-02-02
11204,2,1150,1760,1930,428000,2004-02-18
11204,3,2496,3692,1970,280000,2003-05-15
11204,3,2604,3879,1930,600000,2004-03-02
11204,4,2600,3280,1931,630000,2003-07-21
11204,2,2500,3960,1930,808000,2006-11-21
11204,2,2104,2545,1925,125152,2004-04-16
11204,1,3017,3430,1925,570000,2005-04-06
11204,3,2700,4422,1930,939000,2008-01-02
11204,1,1667,1408,1925,296000,2004-06-21
11204,2,2000,2800,1925,920000,2010-05-11
11204,4,2800,3360,1931,480000,2012-03-02
11204,1,2003,2894,1925,680000,2006-02-21
11204,3,2900,4422,1920,700000,2004-07-08
11204,1,1992,1608,1925,594000,2012-12-17
11204,4,2517,3161,1931,838000,2012-07-17
11204,2,1800,1633,1940,585000,2006-07-18
11204,1,2204,1080,1925,570000,2012-09-25
11204,4,2600,3480,1928,970000,2011-11-02
11204,2,2267,1822,1930,575500,2004-11-24
11204,1,1600,1152,1925,400000,2004-07-29
11204,2,2652,4550,1910,890000,2008-07-03
11204,3,2354,3705,1930,850000,2005-07-27
11204,1,1800,1732,1950,559000,2006-07-13
11204,1,2003,2136,1930,560550,2005-08-16
11204,2,1700,2285,1925,550000,2008-02-15
11204,2,2003,1792,1925,576000,2010-03-12
11204,4,3000,3590,1931,770000,2006-11-06
11204,2,2003,2064,1910,556000,2003-10-29
11204,3,1900,2485,1935,665000,2007-02-13
11204,2,2500,2240,1930,825000,2008-03-13
11204,2,2554,5360,1910,810000,2004-03-17
11204,3,2700,3960,1930,920000,2007-11-07
11204,1,2003,2500,1925,705000,2009-05-01
11204,1,2003,3086,1920,625000,2005-04-01
11204,2,2000,1709,1945,410000,2004-05-25
11204,1,2003,1544,1910,645000,2004-12-16
11204,2,2500,4080,1915,645000,2004-01-26
11204,4,2504,3120,1931,650000,2003-05-16
11204,1,2504,1218,1920,400000,2004-04-02
11204,3,2000,2800,1930,815000,2005-06-23
11204,1,2000,1903,1925,639000,2008-05-27
11204,2,2093,3600,1930,740000,2007-09-19
11204,1,2300,2176,1925,499999,2003-10-10
11204,2,4232,4908,1925,999999,2006-07-06
11204,2,2000,3216,1930,582900,2003-07-29
11204,2,2425,2352,1930,300000,2006-08-17
11204,4,2500,3200,1924,750000,2007-11-06
11204,4,2792,3036,1931,670000,2003-06-09
11204,6,2900,5400,1931,900000,2005-08-25
11204,2,2500,2400,1925,850000,2011-02-18
11204,4,3360,3157,1931,973000,2008-07-09
11204,3,2000,2492,1940,790000,2008-02-05
11204,1,1683,1416,1920,500000,2005-07-27
11204,3,2792,4554,1925,650000,2003-03-12
11204,3,2358,3132,1925,412500,2007-12-06
11204,2,1800,1633,1925,275000,2005-05-16
11204,1,1803,2130,1925,725000,2006-06-21
11204,2,2705,3960,1920,820000,2004-06-11
11204,2,2800,1720,1925,783000,2007-07-13
11204,2,1421,1632,1935,381200,2011-11-01
11204,2,5982,2982,1955,995000,2010-08-09
11204,2,2425,2480,1930,760000,2012-06-27
11204,2,2450,2640,1930,800000,2010-02-03
11204,1,2000,1344,1925,493000,2008-09-18
11204,2,2000,2950,1910,445200,2006-04-25
11204,1,1750,1020,1930,300000,2003-05-19
11204,1,2104,1344,1920,500000,2004-08-03
11204,2,1800,1568,1920,625000,2010-06-07
11204,2,2400,2044,1930,635000,2011-11-14
11204,1,2800,1494,1920,645000,2011-12-19
11204,1,1983,1376,1930,585000,2007-01-30
11204,2,2283,1800,1930,525000,2004-03-05
11204,2,2483,1916,1915,628000,2008-10-17
11204,2,2500,2400,1925,300000,2008-05-30
11204,3,2112,2607,1935,600000,2009-05-27
11204,3,2000,2400,1920,559000,2009-07-28
11204,2,2003,2380,1930,450000,2003-07-22
11204,2,2400,1760,1920,500000,2005-01-05
11204,2,2554,3900,1930,995000,2005-03-29
11204,1,1700,1518,1925,570000,2008-10-07
11204,2,3000,2128,1925,750000,2011-10-25
11204,2,2400,2400,1930,350000,2007-01-15
11204,2,3205,3344,1925,450000,2010-01-14
11204,1,1150,1292,1920,520000,2008-07-01
11204,2,2504,3780,1931,662500,2007-10-11
11204,2,2000,1472,1920,550000,2009-11-03
11204,1,4007,2046,1915,800000,2011-07-06
11204,2,2504,1928,1915,790000,2009-05-14
11204,2,2000,1880,1920,440000,2007-07-18
11204,1,2800,1494,1920,420000,2003-09-26
11204,1,2400,2080,1925,655000,2012-06-15
11204,4,2500,3000,1924,890000,2012-05-30
11204,1,1603,2080,1925,410000,2004-03-03
11204,2,2404,5220,1994,850000,2003-11-04
11204,3,2500,3360,1920,855000,2008-06-13
11204,2,1500,1332,1930,335000,2003-09-16
11204,2,1181,1944,1930,580000,2009-08-14
11204,1,2058,1366,1930,478000,2007-01-30
11204,2,2500,2128,1930,485000,2004-01-05
11204,2,1800,1768,1920,555000,2004-01-22
11204,6,2667,4788,1927,600000,2006-05-04
11204,2,2000,1575,1950,499000,2004-08-03
11204,2,2300,2440,1915,530000,2004-10-26
11204,2,1440,1540,1945,390000,2003-12-15
11204,3,3000,4290,2002,740000,2003-07-24
11204,2,2404,2280,1925,995000,2007-05-07
11204,2,2500,2560,1930,875000,2011-11-14
11204,1,3000,2170,1925,685000,2006-05-25
11204,2,1418,1683,1940,578000,2008-12-05
11204,3,2210,2268,1945,599800,2005-01-25
11204,1,1150,1240,1930,323000,2004-04-14
11204,2,2404,2960,1925,515500,2004-07-15
11204,2,1700,1478,1925,480000,2004-05-27
11204,2,2300,1784,1925,125000,2003-03-01
11204,2,2500,2720,1930,630000,2004-03-25
11204,6,2667,5647,1928,920000,2011-10-24
11204,2,5982,2982,1955,710000,2009-06-29
11204,1,2003,2000,1920,570000,2009-01-20
11204,1,2000,1710,1920,484000,2009-03-16
11204,1,1440,1777,1940,589000,2005-12-12
11204,2,1850,3071,1901,740000,2010-06-21
11204,2,1179,1305,1930,435000,2004-07-01
11204,1,1933,1148,1925,430000,2005-09-02
11204,1,2000,1312,1920,499900,2005-12-02
11204,2,1700,1478,1925,619000,2008-07-15
11204,2,1476,1732,1945,597000,2010-10-27
11204,3,2667,4500,1930,865000,2011-02-22
11204,2,3333,4356,1930,827000,2008-12-05
11204,2,2000,1824,1925,700000,2012-07-06
11204,2,2500,1962,1910,665000,2005-03-23
11204,1,1603,1024,1930,499000,2010-06-10
11204,2,2500,2480,1930,770000,2012-03-01
11204,2,2417,2480,1930,872500,2012-02-13
11204,1,2404,1368,1925,680500,2007-03-09
11204,1,1800,2208,1920,595000,2004-12-09
11204,2,2600,1444,1925,400000,2008-05-22
11204,3,2538,3280,1945,350000,2012-05-16
11204,2,1333,1623,1925,425000,2005-02-01
11204,4,3005,3696,1931,835000,2004-12-02
11204,2,1800,2945,1925,540000,2007-06-12
11204,2,2775,3476,1925,237500,2004-08-04
11204,2,2000,1280,1935,561350,2008-05-01
11204,2,1569,1900,1930,698000,2009-01-15
11204,2,2003,1400,1920,600000,2004-09-28
11204,2,1600,1678,1935,650000,2012-03-30
11204,2,2300,3144,1925,680000,2010-02-09
11204,2,2400,2680,1920,634000,2006-11-01
11204,3,2496,3780,1925,940000,2005-08-15
11204,2,1500,1332,1930,416800,2004-06-15
11204,2,2127,2475,1930,475000,2004-01-16
11204,1,2217,1318,1930,685000,2007-01-29
11204,1,2000,1674,1930,610000,2007-06-22
11204,3,2850,2992,1920,810000,2007-04-26
11204,4,4154,3690,1931,350000,2012-05-30
11204,2,1750,3267,1935,620000,2005-03-10
11204,1,1636,1024,1920,300000,2003-06-20
11204,2,1800,1732,1940,592000,2007-09-10
11204,1,1833,2492,1930,620000,2012-09-12
11204,3,3005,5120,1925,850000,2010-02-21
11204,2,2000,2160,1920,629000,2006-10-02
11204,2,2500,2400,1925,600000,2004-11-01
11204,3,2120,2079,1940,660000,2009-08-13
11204,2,2475,2480,1930,810000,2009-07-20
11204,2,2267,1822,1930,715000,2006-02-03
11204,1,1667,1280,1925,495000,2006-03-30
11204,2,1933,1148,1925,580000,2010-05-01
11204,2,3506,6142,2004,890000,2004-05-18
11204,2,3000,2510,1930,830000,2005-08-26
11204,2,3005,3848,1925,650000,2005-05-23
11204,2,3100,2638,1925,775000,2006-10-25
11204,1,2003,1216,1920,485000,2004-12-03
11204,2,3500,1784,1930,710000,2010-01-29
11204,3,2000,3025,1960,550000,2003-09-25
11204,1,2500,2084,1930,410000,2004-04-20
11204,2,1800,1795,1925,330000,2003-10-07
11204,3,1800,1890,1940,550000,2011-11-04
11204,6,3000,5280,1927,750000,2007-09-20
11204,2,2300,1600,1925,600000,2006-06-08
11204,1,1603,1072,1930,560000,2006-09-12
11204,2,1440,1633,1935,535000,2007-08-09
11204,2,1983,1376,1930,600000,2010-03-01
11204,1,2000,1600,1925,580000,2007-09-17
11204,1,2300,3150,1925,560000,2004-07-29
11204,2,3174,4404,1931,540000,2007-09-11
11204,1,2204,2408,1925,930500,2005-07-13
11204,2,2483,3192,1925,850000,2009-10-14
11204,1,2312,3990,1920,835000,2012-05-14
11204,2,2525,4020,1920,825000,2005-12-14
11204,3,2003,2639,1935,499000,2007-12-21
11204,3,2700,2120,1930,690000,2004-12-02
11204,1,4000,1660,1915,860000,2011-05-26
11204,2,1958,1760,1920,545900,2007-12-01
11204,4,3000,3404,1931,710000,2003-12-11
11204,2,2483,2360,1925,175000,2008-10-28
11204,2,1380,1600,1930,460000,2003-08-26
11204,2,4007,11496,2005,920000,2004-12-23
11204,1,1720,1344,1930,980000,2005-03-11
11204,3,3000,3740,1930,770000,2007-08-21
11204,2,2003,2100,1920,495000,2003-03-22
11204,4,2500,3296,1931,915000,2012-05-11
11204,2,3000,2240,1925,387500,2005-12-01
11204,4,2608,3360,1927,537000,2003-02-10
11204,3,4007,6930,2008,850000,2004-07-14
11204,2,2000,2016,1925,728000,2007-05-11
11204,4,2775,3510,1931,622500,2003-09-22
11204,2,4000,2048,1930,785000,2009-03-03
11204,2,2000,1860,1915,720000,2007-04-20
11204,1,1742,1569,1935,475000,2007-06-21
11204,2,2058,2668,1930,450000,2010-09-01
11204,3,3000,2940,1920,239558,2003-05-20
11204,2,2425,2480,1930,622000,2005-05-25
11204,2,1800,2655,1920,570000,2007-05-15
11204,2,4000,3195,1930,665000,2004-10-13
11204,2,2500,2640,1925,150000,2005-10-13
11204,1,2104,1020,1920,205000,2008-03-19
11204,6,2750,5400,1927,620000,2003-08-22
11204,2,4007,2340,1920,640000,2010-01-12
11204,2,2700,2432,1925,798000,2010-08-12
11204,3,2500,2560,1930,940000,2010-03-08
11204,1,1800,2016,1925,515000,2007-06-20
11204,4,2750,3510,1931,970000,2009-08-17
11204,2,2000,2720,1930,720000,2005-04-04
11204,1,1750,1589,1930,540000,2007-07-03
11204,3,4000,2732,1899,900000,2008-07-24
11204,3,1045,1836,1940,705000,2007-08-09
11204,4,3000,5696,1928,950000,2012-05-25
11204,2,3350,2556,1925,928000,2011-02-16
11204,4,2425,2800,1931,900500,2006-02-09
11204,3,1800,2578,1910,499000,2008-05-01
11204,2,2200,2988,1925,735000,2009-06-23
11204,2,2000,3060,1910,575000,2004-06-14
11204,2,2200,1764,1925,652000,2010-12-01
11204,2,2500,2320,1925,825000,2009-08-01
11204,1,1750,1020,1910,513000,2012-07-26
11204,3,2003,2958,1960,650000,2004-08-03
11204,2,2413,5820,1920,910000,2007-10-30
11204,1,1750,1020,1910,483000,2010-06-16
11204,2,1440,1732,1940,640000,2008-10-10
11204,4,2481,3280,1931,600000,2004-08-03
11204,2,1280,1585,1940,565000,2011-09-20
11204,1,2000,1372,1930,685000,2008-09-25
11204,2,2664,2344,1930,780000,2012-10-03
11204,2,2000,1860,1925,425000,2007-11-20
11204,1,1150,1328,1930,400000,2005-04-15
11204,2,2283,1800,1930,310000,2005-06-02
11204,2,2500,2240,1930,400000,2004-05-28
11204,2,2492,2480,1920,863500,2011-12-01
11204,1,2003,2864,1925,725000,2004-09-14
11204,3,4007,6280,1960,995000,2006-09-06
11204,1,1603,1024,1930,380000,2003-10-20
11204,2,4000,2120,1935,925000,2009-11-04
11204,3,2517,3000,1930,660000,2004-01-06
11204,2,2003,1958,1920,680000,2010-03-04
11204,1,2050,1448,1930,461500,2005-08-26
11204,2,2300,1834,1925,600000,2010-09-29
11204,2,2433,2480,1930,835000,2010-09-29
11204,3,1583,2682,1945,225000,2007-01-18
11204,1,2000,1320,1930,280000,2007-05-22
11204,3,2579,3460,1955,950500,2006-04-11
11204,2,2404,2400,1925,655000,2012-02-06
11204,3,2513,3780,1925,550000,2003-06-04
11204,2,3000,4086,1930,800000,2009-11-20
11204,2,1380,1600,1930,655000,2004-05-11
11204,1,2003,1430,1925,480000,2003-07-29
11204,3,1553,2850,1930,765000,2006-11-01
11204,1,2003,1032,1925,520000,2008-07-23
11204,1,1853,1836,1925,525000,2004-05-28
11204,2,1380,1600,1930,675000,2010-04-20
11204,2,1742,1700,1920,628000,2006-04-28
11204,1,1150,1328,1930,590000,2006-01-26
11204,2,2200,3206,1950,865000,2012-08-01
11204,1,2600,1872,1925,725000,2012-10-19
11204,1,1452,1496,1939,565000,2007-11-27
11204,2,1983,1376,1930,200000,2009-05-12
11204,1,1975,1968,1920,360000,2004-06-16
11204,2,2500,3200,1920,628500,2003-11-24
11204,2,2000,1624,1915,488000,2005-02-01
11204,3,2003,2616,1975,645000,2005-01-25
11204,1,1600,1936,1920,553000,2012-12-11
11204,4,3000,3590,1931,365000,2003-02-03
11204,2,2668,1740,1960,432000,2003-09-24
11204,2,1750,2760,1910,420000,2006-03-15
11204,2,3000,6264,2004,750000,2004-01-28
11204,1,2003,1944,1910,924500,2007-08-15
11204,3,2700,4386,1930,965000,2012-05-10
11204,2,2500,2480,1925,519000,2003-08-05
11204,3,2000,2440,1920,660000,2008-09-09
11204,1,2000,2208,1930,362000,2003-09-02
11204,2,2500,3900,1925,550000,2003-04-22
11204,2,2000,2596,1925,755000,2008-09-15
11204,2,1764,2275,1950,650000,2009-12-30
11204,2,2483,3167,1925,825000,2010-04-27
11204,6,1980,4824,1931,585000,2006-02-16
11204,4,2500,3000,1923,930000,2007-09-12
11204,1,2003,2114,1925,660000,2006-08-10
11204,2,1800,2124,1925,545000,2007-08-08
11204,1,1750,1575,1935,450000,2011-11-23
11204,1,1700,1518,1925,534000,2009-10-01
11204,2,2003,2368,1920,515500,2003-11-20
11204,2,1150,1720,1925,546000,2008-05-01
11204,1,4007,4620,2010,895000,2010-04-20
11204,2,2500,2320,1920,680000,2004-04-08
11204,1,2000,1608,1925,540000,2007-11-14
11204,2,3000,2080,1925,740000,2012-02-03
11204,2,2000,1952,1925,690000,2007-08-21
11204,2,2330,2470,1925,825000,2007-04-17
11204,2,2487,2800,1930,800500,2009-01-06
11204,1,1140,1684,1920,380000,2004-10-25
11204,2,2000,3150,1910,643200,2010-11-18
11204,2,2467,3944,1920,800000,2009-11-18
11204,2,2300,2744,1925,127500,2006-04-26
11204,2,2000,1880,1915,725000,2005-11-22
11204,1,1600,1136,1925,565000,2010-08-12
11204,2,2425,2100,1930,650000,2005-03-01
11204,2,1700,2100,1930,141600,2003-10-15
11204,2,1440,1890,1940,598000,2011-06-16
11204,2,2025,1656,1920,180000,2010-09-20
11204,1,1800,1836,1925,640000,2005-11-01
11204,2,2008,1456,1940,575000,2005-08-03
11204,2,2800,6003,1930,730000,2003-11-06
11204,2,2500,3400,1930,840000,2012-12-20
11204,3,2500,2640,1940,775000,2006-07-27
11204,3,2500,2026,1910,675000,2008-03-26
11204,1,2003,1564,1925,555000,2007-03-12
11204,1,1320,1365,1950,518500,2009-03-24
11204,2,2000,1608,1925,635000,2010-12-07
11204,3,3904,4474,1970,600000,2005-09-15
11204,2,2700,3960,1930,144800,2010-12-03
11204,2,2500,2720,1925,745000,2007-03-05
11204,1,2000,1752,1925,620000,2007-09-21
11204,1,1750,1020,1910,437000,2005-02-25
11204,1,1750,1020,1910,470000,2011-11-03
11204,2,1803,1919,1935,620000,2009-12-23
11204,2,2500,2072,1920,763000,2012-03-21
11204,2,2400,1760,1920,625000,2004-03-30
11204,1,1980,1488,1925,390000,2003-01-23
11204,2,2000,2280,1925,600000,2004-05-04
11204,4,2600,3480,1928,544000,2003-03-28
11204,1,1800,2208,1920,569000,2004-03-29
11204,2,2300,1580,1915,645000,2010-02-25
11204,2,2975,1760,1930,760000,2005-08-24
11204,2,2450,1760,1930,440000,2004-11-09
11204,2,2325,2088,1930,799000,2007-04-12
11204,3,6010,4500,2007,750000,2009-08-26
11204,2,2400,1520,1925,560000,2007-08-24
11204,4,2000,3818,1931,730000,2012-03-21
11204,2,2317,1976,1930,650000,2008-08-22
11204,2,2500,2640,1925,970000,2011-07-21
11204,2,2500,2840,1930,670000,2008-06-18
11204,2,2500,2370,1920,262000,2005-11-14
11204,1,3000,1539,1920,565000,2005-07-06
11204,2,2300,2480,1915,690000,2012-02-27
11204,1,3213,1392,1925,405000,2010-02-04
11204,1,2300,1600,1925,735000,2007-03-20
11204,2,2500,2160,1930,655500,2005-07-11
11204,6,2750,4950,1925,900000,2005-12-01
11204,3,2300,3680,1915,737000,2006-09-19
11204,2,2500,8450,1992,795000,2006-08-04
11204,4,2003,2800,1931,755500,2004-11-16
11204,1,1852,1504,1920,570000,2007-03-08
11204,2,3000,2000,1920,600000,2012-03-14
11204,2,2625,2460,1930,690000,2011-03-03
11204,2,2000,2224,1935,746500,2008-03-24
11204,2,1600,1678,1935,553000,2007-08-22
11204,1,1983,1376,1930,525000,2004-06-21
11204,2,2204,2800,1935,875000,2005-02-02
11204,2,1600,1936,1920,445000,2003-09-19
11204,2,2800,2560,1930,426000,2005-08-25
11204,2,2000,2168,1925,775000,2007-10-15
11204,1,3005,3906,1920,850500,2003-11-18
11204,1,2000,2208,1930,579000,2009-05-08
11204,2,2003,2136,1930,749000,2012-08-08
11204,2,2003,3300,1925,366750,2003-08-11
11204,2,1800,1795,1925,554946,2006-06-08
11204,1,1975,1264,1920,485000,2007-08-02
11204,2,1500,1332,1930,520000,2011-01-21
11204,2,4000,2144,1920,875000,2005-12-13
11204,2,2500,4020,1925,790000,2007-03-19
11204,2,2267,1822,1930,660000,2011-01-24
11204,2,2568,3168,1899,420995,2003-02-13
11204,1,2312,3990,1920,850500,2004-12-09
11204,2,2300,2480,1925,480000,2010-08-11
11204,3,2000,2620,1940,481000,2003-05-21
11204,1,2208,1600,1915,630000,2007-07-26
11204,2,2000,10612,1920,755000,2007-06-08
11204,3,3492,4632,1920,870000,2004-04-19
11204,2,2003,2988,1950,840000,2006-03-29
11204,1,1750,1020,1910,499990,2010-12-30
11204,1,2705,6000,2005,695000,2003-10-28
11204,4,2500,3116,1931,965000,2011-10-27
11204,1,1440,2388,1920,550000,2012-03-07
11204,3,2650,4386,1935,995000,2010-03-30
11204,2,1150,1328,1930,419500,2004-11-09
11204,3,1700,4200,1925,290000,2003-03-28
11204,1,1600,1332,1925,525000,2006-01-23
11204,2,1800,1782,1940,520000,2004-02-03
11204,2,1285,2001,1930,588000,2007-04-03
11204,2,2184,1674,1950,500000,2011-11-17
11204,3,3213,2932,1925,275000,2004-06-07
11204,1,1800,1732,1940,580000,2007-04-24
11204,2,2000,2766,1950,863000,2010-09-15
11204,2,2500,3680,1925,780000,2006-06-23
11204,3,2000,4280,2003,800000,2012-06-12
11204,2,1200,1872,1930,500000,2005-11-14
11204,4,2500,3280,1926,738000,2006-10-17
11204,4,2500,2684,1931,940000,2010-06-21
11204,6,2500,5625,1931,800000,2005-09-29
11204,4,2600,3230,1926,875000,2008-01-08
11204,2,1308,1632,1935,605000,2007-01-10
11204,1,2104,1020,1920,233333,2010-04-08
11204,2,2775,2356,1925,738000,2005-11-18
11204,1,1850,2424,1901,583800,2008-03-01
11204,4,3000,3590,1931,948000,2007-10-15
11204,2,1500,1332,1930,560000,2011-06-01
11204,2,2000,3060,1910,267000,2012-03-02
11204,2,2500,3100,1930,790000,2011-12-22
11204,1,2513,3000,1930,725000,2008-11-20
11204,1,1600,3420,1910,400000,2006-03-23
11204,2,1833,1611,1930,520000,2009-05-19
11204,3,1983,3249,1965,900000,2007-07-03
11204,1,1987,2729,1930,725000,2005-10-01
11204,3,2554,3654,1910,950000,2004-09-07
11204,2,2600,2460,1930,730000,2012-08-27
11204,1,2000,1430,1920,475000,2007-11-05
11204,2,2500,2480,1925,800000,2009-06-02
11204,1,2500,3726,2006,615000,2005-03-04
11204,1,1320,1365,1950,448000,2005-06-13
11204,3,2500,2700,1930,880000,2010-07-30
11204,3,2550,3600,1930,818000,2010-11-03
11204,1,4000,2058,1930,726600,2008-11-21
11204,3,2550,3198,1931,660000,2003-03-26
11204,2,2000,1880,1915,335000,2003-04-19
11204,1,1803,1170,1925,403400,2012-12-13
11204,2,1800,2232,1925,760000,2009-04-06
11204,2,2692,1920,1930,675000,2009-09-03
11204,2,2917,2061,1920,105000,2004-06-25
11204,2,1850,2424,1901,700000,2009-01-02
11204,2,2000,3264,1910,700000,2009-05-28
11204,4,2705,3520,1931,290000,2008-10-17
11204,2,2200,2448,1925,366000,2003-02-15
11204,2,4107,5004,1920,940000,2008-09-02
11204,6,2667,4797,1927,680000,2004-03-29
11204,2,1600,1800,1925,575000,2011-04-12
11204,1,1265,1981,1930,365000,2003-03-12
11204,1,1700,1478,1925,560000,2012-02-07
11204,1,1603,1024,1925,575000,2007-12-20
11204,1,1750,1020,1910,430000,2006-04-21
11204,1,1750,1020,1910,456000,2006-10-27
11204,3,3050,1540,1930,910000,2007-08-08
11204,2,2400,2622,1915,710000,2009-06-29
11204,1,1890,1320,1930,560000,2010-01-14
11204,2,2000,3240,1905,537500,2003-05-13
11204,2,2800,2680,1930,520000,2005-03-15
11204,4,2600,3444,1928,882000,2007-06-13
11204,1,1800,2122,1920,650000,2006-01-17
11204,2,3005,4312,2009,950000,2007-10-10
11204,2,3205,1620,1920,725000,2003-11-11
11204,2,2500,3900,1935,689000,2004-07-01
11204,2,1575,2000,1945,750000,2011-09-28
11204,2,2667,2488,1930,950000,2012-08-15
11204,2,2200,1764,1925,530000,2004-01-14
11204,3,1320,2098,1935,579000,2012-05-29
11204,2,1850,2424,1901,572000,2004-04-26
11204,2,2500,2480,1925,550000,2003-07-07
11204,2,2550,3960,1930,875000,2010-05-13
11204,2,3000,3480,1925,845000,2006-11-27
11204,2,2500,2480,1925,728000,2005-07-01
11204,2,1255,1632,1935,520000,2009-03-23
11204,2,2880,1633,1940,450000,2003-11-01
11204,2,2146,2100,1935,535000,2003-08-07
11204,3,1700,2000,1920,540000,2010-06-09
11204,3,6000,2904,1925,998000,2009-07-02
11204,2,2500,2480,1930,760000,2010-07-16
11204,3,2700,4422,1920,868000,2009-11-12
11204,2,2003,2200,1925,250000,2007-10-29
11204,3,2250,3804,1930,515000,2003-12-17
11204,1,2033,1376,1930,590000,2011-09-16
11204,2,2500,2480,1930,949000,2008-09-11
11204,1,1600,1030,1920,510000,2006-08-14
11204,2,2500,2320,1930,505000,2003-05-30
11204,2,1026,1836,1940,600000,2006-05-09
11204,1,1800,1918,1925,690000,2006-04-06
11204,2,2000,3300,1901,710000,2008-01-16
11204,2,2000,1440,1930,620000,2005-11-04
11204,2,2000,2650,1965,600000,2011-02-17
11204,2,2583,2752,1930,890000,2009-06-08
11204,3,2383,2560,1930,620000,2003-11-12
11204,3,2600,4032,1920,905000,2006-08-09
11204,2,2000,2280,1925,610000,2005-07-11
11204,2,2200,1947,1925,715000,2005-11-17
11204,1,2092,2064,1930,550000,2005-05-25
11204,2,2500,3600,1925,690000,2004-08-23
11204,2,2500,2480,1920,802000,2012-04-26
11204,2,2283,1800,1930,662500,2008-05-29
11204,1,2950,3234,1960,350000,2003-05-04
11204,2,2600,2975,1920,720000,2006-07-25
11204,1,2050,2080,1925,755000,2007-10-09
11204,1,1603,1024,1925,550000,2008-12-15
11204,1,2000,1440,1925,350000,2003-09-02
11204,1,2000,1568,1925,628000,2011-04-29
11204,1,1775,2140,1930,559000,2006-05-18
11204,2,2500,3600,1925,816000,2005-03-07
11204,2,2450,2645,1930,685000,2010-11-04
11204,1,2000,1400,1915,590000,2011-08-30
11204,1,2000,1440,1930,522500,2004-06-23
11204,1,2050,2080,1925,600000,2009-06-15
11204,2,2450,1920,1925,800000,2012-12-03
11204,2,2500,3350,1925,655000,2003-09-19
11204,1,1800,1602,1939,539900,2007-07-19
11204,1,2805,2776,1920,700000,2009-05-01
11204,1,1600,2460,1910,451000,2009-11-17
11204,2,2938,2835,1950,662000,2010-01-26
11204,1,2000,1508,1925,570000,2007-07-02
11204,2,2092,2128,1930,575000,2005-01-26
11204,2,2000,1952,1925,395000,2010-12-22
11204,2,2529,4550,1925,950000,2004-04-19
11204,2,2504,1818,1930,300000,2012-11-07
11204,2,2875,2248,1930,175000,2003-03-14
11204,2,1613,1800,1925,675000,2005-05-23
11204,4,2700,3600,1925,840000,2006-01-19
11204,2,2325,3648,1920,776000,2010-03-30
11204,4,2650,3520,1931,870000,2006-07-19
11204,1,2800,1940,1930,880000,2006-01-13
11204,3,2204,3127,1955,815000,2010-09-01
11204,2,2244,2583,1930,760000,2012-06-04
11204,1,2300,1648,1925,553000,2009-03-17
11204,2,2000,1952,1925,545000,2005-02-23
11204,2,2070,2500,1950,460000,2011-04-28
11204,3,2250,3009,1930,425000,2005-10-01
11204,3,2333,5420,2007,985000,2009-06-15
11204,2,2404,5220,1994,589000,2010-05-17
11204,2,2003,3360,1910,700000,2004-11-29
11204,6,2500,5625,1931,870000,2008-03-17
11204,2,2400,2680,1920,740000,2012-04-23
11204,1,2300,1784,1925,580000,2008-07-25
11204,2,2550,2640,1930,650000,2011-04-29
11204,4,2441,3500,1931,385000,2003-02-04
11204,3,2925,4086,1920,767500,2005-09-01
11204,1,1750,1020,1910,415000,2006-02-08
11204,4,2500,3000,1924,405000,2005-11-08
11204,1,1650,1296,1930,515000,2011-03-18
11204,3,5008,7492,1975,750000,2012-11-19
11204,1,2000,1198,1925,470000,2004-04-21
11204,2,2500,3024,1930,575000,2004-11-17
11204,2,1440,1890,1940,600000,2008-04-21
11204,2,2000,2112,1925,555000,2006-04-27
11204,2,2500,4020,1925,400000,2004-05-11
11204,1,2000,1600,1915,510000,2006-08-21
11204,2,2533,2720,1930,785000,2011-06-16
11204,2,2500,2000,1940,666000,2009-11-16
11204,2,2575,2840,1930,788500,2007-10-02
11204,2,4000,3232,1930,990000,2011-03-17
11204,2,4000,2230,1930,609000,2003-04-03
11204,2,1500,1696,1930,650000,2012-06-13
11204,1,2500,3960,1925,297000,2003-03-26
11204,1,3000,1820,1920,560000,2008-12-16
11204,3,2400,3315,1935,650000,2003-12-17
11204,1,2000,2220,1920,590000,2012-04-04
11204,2,4007,4212,1965,650500,2003-08-04
11204,2,2700,1968,1930,610000,2006-05-11
11204,2,2003,1400,1920,540000,2010-07-01
11204,2,2500,2400,1930,980000,2012-07-13
11204,2,1467,1633,1935,548000,2004-12-01
11204,2,1800,1620,1945,450000,2005-03-09
11204,2,2500,2320,1925,808000,2008-07-15
11204,1,1603,1024,1925,550000,2005-10-03
11204,2,2917,2470,1930,567000,2006-02-16
11204,2,4232,4908,1925,585020,2009-06-02
11204,4,2500,3000,1924,820000,2006-08-18
11204,2,1800,1438,1925,540000,2008-12-09
11204,2,3750,2734,1925,725000,2005-08-12
11204,2,1800,2232,1925,675000,2010-06-08
11204,2,3333,1918,1930,728000,2005-05-27
11204,2,2000,2750,1960,260000,2011-09-29
11204,1,3000,1600,1925,660000,2005-09-19
11204,2,2600,2255,1940,730000,2008-05-29
11204,2,1543,1900,1930,700000,2007-12-06
11204,4,2500,3240,1926,999999,2010-10-12
11204,3,2003,4500,1980,900000,2006-04-06
